[
{
    "model": "accounts.user",
    "pk": 1,
    "fields": {
        "password": "pbkdf2_sha256$260000$s6BftMt5OoxQtkINDIfwt8$31mPeP+LBp9QIHO5ltSG9efsZXGjogufld3WQ+3K1B4=",
        "last_login": "2023-06-15T21:11:38.447",
        "is_superuser": true,
        "username": "admin",
        "last_name": "admin",
        "is_staff": true,
        "is_active": true,
        "date_joined": "2023-06-15T15:37:33",
        "address": "",
        "first_name": "admin",
        "email": "mjs3827@naver.com",
        "image": "",
        "is_seller": false,
        "phone": "",
        "points": 0,
        "total_points": 0,
        "groups": [],
        "user_permissions": [],
        "followings": []
    }
},
{
    "model": "accounts.user",
    "pk": 2,
    "fields": {
        "password": "pbkdf2_sha256$260000$FLxbfa7JRYgogR6SgJRHeT$mrNRk5MpxL7B17AdPOZJHdgxq3CodoOGoskjpcNF3qE=",
        "last_login": "2023-06-15T21:16:40.334",
        "is_superuser": false,
        "username": "hany0829",
        "last_name": "지구지킴이",
        "is_staff": false,
        "is_active": true,
        "date_joined": "2023-06-15T15:40:19.889",
        "address": "경북 울릉군 울릉읍 독도안용복길 3",
        "first_name": "지9",
        "email": "hany8092@naver.com",
        "image": "profile/hany0829/내이미지.jpeg",
        "is_seller": false,
        "phone": "",
        "points": 40,
        "total_points": 40,
        "groups": [],
        "user_permissions": [],
        "followings": []
    }
},
{
    "model": "accounts.user",
    "pk": 3,
    "fields": {
        "password": "pbkdf2_sha256$260000$MzzEqT0s9bLa5C7Cdmgrx1$FL7KLgh83eZsOL5y+lsMvtLqzeFg2cwb+s0xdw/9e2w=",
        "last_login": "2023-06-15T16:34:39.150",
        "is_superuser": false,
        "username": "eunjeong",
        "last_name": "박환경",
        "is_staff": false,
        "is_active": true,
        "date_joined": "2023-06-15T15:43:14.023",
        "address": "부산 동구 중앙대로 357",
        "first_name": "환경사랑",
        "email": "eunjeong0223@naver.com",
        "image": "profile/eunjeong/bread.jfif",
        "is_seller": true,
        "phone": "",
        "points": 0,
        "total_points": 0,
        "groups": [],
        "user_permissions": [],
        "followings": []
    }
},
{
    "model": "accounts.user",
    "pk": 4,
    "fields": {
        "password": "pbkdf2_sha256$260000$ZC2MYhcsrQeM45uShndnlg$N0eaCljVfHBrBlYxbO412leAY1KSSlwxmJOwXmmxooo=",
        "last_login": "2023-06-15T21:50:39.888",
        "is_superuser": false,
        "username": "jkb1115",
        "last_name": "정굴비",
        "is_staff": false,
        "is_active": true,
        "date_joined": "2023-06-15T15:45:15.501",
        "address": "경기 군포시 청백리길 6",
        "first_name": "굴비",
        "email": "gbjeong67@naver.com",
        "image": "profile/jkb1115/sk.jpg",
        "is_seller": false,
        "phone": "",
        "points": 0,
        "total_points": 0,
        "groups": [],
        "user_permissions": [],
        "followings": [
            5,
            10,
            15,
            16,
            19
        ]
    }
},
{
    "model": "accounts.user",
    "pk": 5,
    "fields": {
        "password": "pbkdf2_sha256$260000$uzNaJb6Lgr8VKovBejy5Lu$MgK+ugd8e3sKn1KIdVXbmaoSJ3jb2eqBuwNMQp23iW4=",
        "last_login": "2023-06-15T18:08:34.932",
        "is_superuser": false,
        "username": "kwangbea93",
        "last_name": "정플레이",
        "is_staff": false,
        "is_active": true,
        "date_joined": "2023-06-15T15:54:46.767",
        "address": "경기 시흥시 은계호수로 25",
        "first_name": "플레이31",
        "email": "1115jkb@gmail.com",
        "image": "profile/kwangbea93/PLAY31.jpg",
        "is_seller": true,
        "phone": "",
        "points": 1000,
        "total_points": 0,
        "groups": [],
        "user_permissions": [],
        "followings": [
            4,
            9,
            10,
            16
        ]
    }
},
{
    "model": "accounts.user",
    "pk": 6,
    "fields": {
        "password": "pbkdf2_sha256$260000$EX9Y9jlYyqcByUJb9pu1cV$P3MM6MpNHgmlY9iDLGY7dmAgyEiHyLOKTYuznU84Fd8=",
        "last_login": "2023-06-15T16:56:57.115",
        "is_superuser": true,
        "username": "yuyoung",
        "last_name": "서유영",
        "is_staff": true,
        "is_active": true,
        "date_joined": "2023-06-15T16:33:49",
        "address": "서울 종로구 청와대로 1",
        "first_name": "김유영",
        "email": "yuyoung.dev@gmail.com",
        "image": "profile/yuyoung/피카츄.png",
        "is_seller": true,
        "phone": "",
        "points": 60,
        "total_points": 60,
        "groups": [],
        "user_permissions": [],
        "followings": [
            9,
            11,
            15,
            16
        ]
    }
},
{
    "model": "accounts.user",
    "pk": 7,
    "fields": {
        "password": "pbkdf2_sha256$260000$vMeE2ocYwXbaFBSCq8OnPU$0X7N/MCuklBBbwutMC431c43RdpMCbRp5EYnS6UF2Mk=",
        "last_login": "2023-06-15T21:46:00.319",
        "is_superuser": false,
        "username": "지구재그",
        "last_name": "지구재그",
        "is_staff": false,
        "is_active": true,
        "date_joined": "2023-06-15T16:41:57.313",
        "address": "",
        "first_name": "지구재그",
        "email": "hany940829@gmail.com",
        "image": "profile/지구재그/내이미지.jpeg",
        "is_seller": false,
        "phone": "",
        "points": 0,
        "total_points": 0,
        "groups": [],
        "user_permissions": [],
        "followings": [
            19
        ]
    }
},
{
    "model": "accounts.user",
    "pk": 8,
    "fields": {
        "password": "pbkdf2_sha256$260000$CBjEGifhN3Iz3IB9yoCDaL$NF+39AT+sKDg6svQdlwkukgCjktJwJEyEzM1tjD2Mic=",
        "last_login": "2023-06-15T21:40:41.174",
        "is_superuser": false,
        "username": "ej",
        "last_name": "이자연",
        "is_staff": false,
        "is_active": true,
        "date_joined": "2023-06-15T16:43:05.373",
        "address": "제주특별자치도 제주시 조천읍 신북로 429",
        "first_name": "자연사랑",
        "email": "bjc235@naver.com",
        "image": "profile/ej/3bac8bfaf7df59154c5f2c3023046c56.jpg",
        "is_seller": false,
        "phone": "",
        "points": 180,
        "total_points": 180,
        "groups": [],
        "user_permissions": [],
        "followings": [
            2,
            3,
            4,
            5,
            6,
            9,
            10,
            11,
            12,
            13,
            14,
            15,
            17,
            19
        ]
    }
},
{
    "model": "accounts.user",
    "pk": 9,
    "fields": {
        "password": "pbkdf2_sha256$260000$t1mQ8l80I5al6gB83qQBTe$cIT1NqGRwAHMSyJRExfAnOpJGBvpVYkC+dC0PFjOGAg=",
        "last_login": "2023-06-15T16:53:51.645",
        "is_superuser": false,
        "username": "rock",
        "last_name": "박돌돌",
        "is_staff": false,
        "is_active": true,
        "date_joined": "2023-06-15T16:53:32.225",
        "address": "강원특별자치도 속초시 울산바위길 3",
        "first_name": "돌나무",
        "email": "rock_ewig@daum.net",
        "image": "profile/rock/0104112000a25tef66B63.png",
        "is_seller": false,
        "phone": "",
        "points": 0,
        "total_points": 0,
        "groups": [],
        "user_permissions": [],
        "followings": [
            2,
            3,
            4,
            6,
            7,
            8
        ]
    }
},
{
    "model": "accounts.user",
    "pk": 10,
    "fields": {
        "password": "pbkdf2_sha256$260000$QWxwaM18v2EbMoPHVofX8G$l4L47CbpKIO2dZHdzpk2cpv7tzryhzSV0c+RSyZlvuY=",
        "last_login": "2023-06-15T16:56:12.433",
        "is_superuser": false,
        "username": "planethelper",
        "last_name": "planethelper",
        "is_staff": false,
        "is_active": true,
        "date_joined": "2023-06-15T16:54:31.761",
        "address": "서울 송파구 올림픽로 348",
        "first_name": "planethelper",
        "email": "crc3738@party.jto.kr",
        "image": "profile/planethelper/logo.png",
        "is_seller": false,
        "phone": "",
        "points": 500,
        "total_points": 0,
        "groups": [],
        "user_permissions": [],
        "followings": [
            8
        ]
    }
},
{
    "model": "accounts.user",
    "pk": 11,
    "fields": {
        "password": "pbkdf2_sha256$260000$IIdCzdlnoyJZeLPXlWAASC$bR6GXS7/LOEhOrelWkPrq5YKtGM45cB29OzvlXxVKuk=",
        "last_login": "2023-06-15T16:56:38.327",
        "is_superuser": false,
        "username": "yong",
        "last_name": "김용진",
        "is_staff": false,
        "is_active": true,
        "date_joined": "2023-06-15T16:56:02.435",
        "address": "인천 연수구 갯벌로 12",
        "first_name": "Kurman11",
        "email": "skedyd45@naver.com",
        "image": "profile/yong/강아지.jpg",
        "is_seller": false,
        "phone": "",
        "points": 1500,
        "total_points": 0,
        "groups": [],
        "user_permissions": [],
        "followings": [
            8,
            9,
            10,
            13,
            14,
            15,
            16
        ]
    }
},
{
    "model": "accounts.user",
    "pk": 12,
    "fields": {
        "password": "pbkdf2_sha256$260000$edd8ZWQqw4xUfMDkbCCNu8$8lt6UQcxpsN2ktRtC5INuL7oxnVLzgqKsxeUI2KI0BA=",
        "last_login": "2023-06-15T16:56:53.947",
        "is_superuser": false,
        "username": "minji",
        "last_name": "장민지",
        "is_staff": false,
        "is_active": true,
        "date_joined": "2023-06-15T16:56:06.347",
        "address": "대전 서구 갈마중로7번길 42",
        "first_name": "뭉지망지",
        "email": "wkdalswl3949@naver.com",
        "image": "",
        "is_seller": false,
        "phone": "",
        "points": 2000,
        "total_points": 0,
        "groups": [],
        "user_permissions": [],
        "followings": []
    }
},
{
    "model": "accounts.user",
    "pk": 13,
    "fields": {
        "password": "pbkdf2_sha256$260000$XTJvOjnC8eKeR3M7b0uOoe$5dgdeMq4x7ctH7ZTMrPOpz76bvQwvqt2iM5+7DWIPIc=",
        "last_login": "2023-06-15T16:59:39.911",
        "is_superuser": false,
        "username": "test3",
        "last_name": "이름",
        "is_staff": false,
        "is_active": true,
        "date_joined": "2023-06-15T16:59:10.007",
        "address": "서울 강북구 월계로 53",
        "first_name": "noname",
        "email": "qbygnkwp6305@mail.korea.kr.jto.kr",
        "image": "profile/test3/tlceFx6RHw8Utx61i-WbyEc2X972wuPJZMUGZilPLMq6squjIndAea49hR0AsXBi-tlwn7Df9_5KAs16m.webp",
        "is_seller": false,
        "phone": "",
        "points": 3000,
        "total_points": 0,
        "groups": [],
        "user_permissions": [],
        "followings": [
            11,
            12,
            14
        ]
    }
},
{
    "model": "accounts.user",
    "pk": 14,
    "fields": {
        "password": "pbkdf2_sha256$260000$vZkcVahD4bttKVMuxHT04N$1BgrR6HIDiQt5QNqUjG2GceaJeSj5Cm6wgeYcIwCs08=",
        "last_login": "2023-06-15T21:08:25.825",
        "is_superuser": false,
        "username": "bobo",
        "last_name": "박은정",
        "is_staff": false,
        "is_active": true,
        "date_joined": "2023-06-15T17:00:51.028",
        "address": "전남 고흥군 봉래면 나로도항길 15",
        "first_name": "지구를떠나라",
        "email": "eunjeong0223@pusan.ac.kr",
        "image": "profile/bobo/bread.webp",
        "is_seller": true,
        "phone": "",
        "points": 655,
        "total_points": 655,
        "groups": [],
        "user_permissions": [],
        "followings": [
            2,
            3,
            4,
            6,
            7,
            8,
            9,
            10,
            15
        ]
    }
},
{
    "model": "accounts.user",
    "pk": 15,
    "fields": {
        "password": "pbkdf2_sha256$260000$sbVT5Av4pWSGTtAjuwkiVZ$zdKp8u8xNTo8VEFmUO+kG0OtIxt09Di5w+tgiIvlX+0=",
        "last_login": "2023-06-15T21:32:42.844",
        "is_superuser": false,
        "username": "mjs3827",
        "last_name": "문지수",
        "is_staff": false,
        "is_active": true,
        "date_joined": "2023-06-15T17:28:52.420",
        "address": "경남 진주시 돗골로161번길 9",
        "first_name": "새벽좋아",
        "email": "mundal3827@gmail.com",
        "image": "profile/mjs3827/me.jpg",
        "is_seller": true,
        "phone": "",
        "points": 0,
        "total_points": 0,
        "groups": [],
        "user_permissions": [],
        "followings": [
            5,
            6,
            7,
            8,
            9,
            10
        ]
    }
},
{
    "model": "accounts.user",
    "pk": 16,
    "fields": {
        "password": "pbkdf2_sha256$260000$xXsQuRSPuSKWD75hg9xpyV$0TEmIProWbF3K3l40UQSFITjhXgcQMEHxxEdZ6Qnago=",
        "last_login": "2023-06-15T22:02:15.459",
        "is_superuser": false,
        "username": "ejej",
        "last_name": "이산화",
        "is_staff": false,
        "is_active": true,
        "date_joined": "2023-06-15T17:32:00.509",
        "address": "부산 동구 중앙대로 357",
        "first_name": "이산화탄소",
        "email": "jeongbohh@gmail.com",
        "image": "profile/ejej/danggeun.jpg",
        "is_seller": true,
        "phone": "",
        "points": 500,
        "total_points": 0,
        "groups": [],
        "user_permissions": [],
        "followings": [
            3,
            4,
            5,
            6,
            7,
            8,
            9,
            10
        ]
    }
},
{
    "model": "accounts.user",
    "pk": 17,
    "fields": {
        "password": "pbkdf2_sha256$260000$Uy6rj7mvFklbJ6JupKQFby$6gyhsC4UOAVYaoidMU76ROCnjFfKRW+8v4lxKEmshi0=",
        "last_login": "2023-06-15T21:41:26.061",
        "is_superuser": false,
        "username": "우리강산푸르게",
        "last_name": "우리강산푸르게",
        "is_staff": false,
        "is_active": true,
        "date_joined": "2023-06-15T17:41:27.980",
        "address": "서울 용산구 독서당로 111",
        "first_name": "우리강산푸르게",
        "email": "rqgzoeq3220@www.hanafos.com.jto.kr",
        "image": "profile/우리강산푸르게/이미지.jpeg",
        "is_seller": false,
        "phone": "",
        "points": 3185,
        "total_points": 3185,
        "groups": [],
        "user_permissions": [],
        "followings": [
            5,
            9,
            15
        ]
    }
},
{
    "model": "accounts.user",
    "pk": 18,
    "fields": {
        "password": "pbkdf2_sha256$260000$iF5ySxs4u4tZ8REIp1JlmV$qKBqfXPqJzHfiUN5sGZyCiAuL8Bksa7i3awBCDWY/LY=",
        "last_login": "2023-06-15T21:35:25.952",
        "is_superuser": false,
        "username": "test",
        "last_name": "test",
        "is_staff": false,
        "is_active": true,
        "date_joined": "2023-06-15T21:30:03.294",
        "address": "경기 성남시 분당구 정자일로 95",
        "first_name": "test",
        "email": "yckom4267@www.paran.com.jto.kr",
        "image": "profile/test/메인화면2.jpg",
        "is_seller": false,
        "phone": "",
        "points": 120,
        "total_points": 120,
        "groups": [],
        "user_permissions": [],
        "followings": []
    }
},
{
    "model": "accounts.user",
    "pk": 19,
    "fields": {
        "password": "pbkdf2_sha256$260000$x9BkS1xazIQAlmj5kW6HBY$vrj0pACedlj5huAakEnI7uf3wroQln/TmaYWCWhl7uE=",
        "last_login": "2023-06-15T21:32:33.822",
        "is_superuser": false,
        "username": "mundal3827",
        "last_name": "문지수",
        "is_staff": false,
        "is_active": true,
        "date_joined": "2023-06-15T21:32:16.391",
        "address": "경남 진주시 돗골로161번길 9",
        "first_name": "파괴왕",
        "email": "mundal3827@naver.com",
        "image": "profile/mundal3827/me.jpg",
        "is_seller": false,
        "phone": "",
        "points": 269,
        "total_points": 2269,
        "groups": [],
        "user_permissions": [],
        "followings": [
            4,
            6,
            7,
            10,
            14
        ]
    }
},
{
    "model": "accounts.pointlog",
    "pk": 1,
    "fields": {
        "user": 3
    }
},
{
    "model": "accounts.pointlog",
    "pk": 2,
    "fields": {
        "user": 1
    }
},
{
    "model": "accounts.pointlog",
    "pk": 3,
    "fields": {
        "user": 4
    }
},
{
    "model": "accounts.pointlog",
    "pk": 4,
    "fields": {
        "user": 2
    }
},
{
    "model": "accounts.pointlog",
    "pk": 5,
    "fields": {
        "user": 6
    }
},
{
    "model": "accounts.pointlog",
    "pk": 6,
    "fields": {
        "user": 8
    }
},
{
    "model": "accounts.pointlog",
    "pk": 7,
    "fields": {
        "user": 7
    }
},
{
    "model": "accounts.pointlog",
    "pk": 8,
    "fields": {
        "user": 9
    }
},
{
    "model": "accounts.pointlog",
    "pk": 9,
    "fields": {
        "user": 10
    }
},
{
    "model": "accounts.pointlog",
    "pk": 10,
    "fields": {
        "user": 14
    }
},
{
    "model": "accounts.pointlog",
    "pk": 11,
    "fields": {
        "user": 5
    }
},
{
    "model": "accounts.pointlog",
    "pk": 12,
    "fields": {
        "user": 13
    }
},
{
    "model": "accounts.pointlog",
    "pk": 13,
    "fields": {
        "user": 11
    }
},
{
    "model": "accounts.pointlog",
    "pk": 14,
    "fields": {
        "user": 15
    }
},
{
    "model": "accounts.pointlog",
    "pk": 15,
    "fields": {
        "user": 16
    }
},
{
    "model": "accounts.pointlog",
    "pk": 16,
    "fields": {
        "user": 12
    }
},
{
    "model": "accounts.pointlog",
    "pk": 17,
    "fields": {
        "user": 17
    }
},
{
    "model": "accounts.pointlog",
    "pk": 18,
    "fields": {
        "user": 18
    }
},
{
    "model": "accounts.pointlog",
    "pk": 19,
    "fields": {
        "user": 19
    }
},
{
    "model": "accounts.pointlogitem",
    "pk": 1,
    "fields": {
        "point_log": 11,
        "type": true,
        "type_detail": "참여",
        "amount": 500,
        "created_at": "2023-06-15T17:04:16.469"
    }
},
{
    "model": "accounts.pointlogitem",
    "pk": 2,
    "fields": {
        "point_log": 11,
        "type": true,
        "type_detail": "참여",
        "amount": 500,
        "created_at": "2023-06-15T17:16:39.911"
    }
},
{
    "model": "accounts.pointlogitem",
    "pk": 3,
    "fields": {
        "point_log": 12,
        "type": true,
        "type_detail": "참여",
        "amount": 500,
        "created_at": "2023-06-15T17:16:52.979"
    }
},
{
    "model": "accounts.pointlogitem",
    "pk": 4,
    "fields": {
        "point_log": 12,
        "type": true,
        "type_detail": "참여",
        "amount": 500,
        "created_at": "2023-06-15T17:18:05.557"
    }
},
{
    "model": "accounts.pointlogitem",
    "pk": 5,
    "fields": {
        "point_log": 12,
        "type": true,
        "type_detail": "참여",
        "amount": 500,
        "created_at": "2023-06-15T17:20:19.499"
    }
},
{
    "model": "accounts.pointlogitem",
    "pk": 6,
    "fields": {
        "point_log": 13,
        "type": true,
        "type_detail": "참여",
        "amount": 500,
        "created_at": "2023-06-15T17:22:36.430"
    }
},
{
    "model": "accounts.pointlogitem",
    "pk": 7,
    "fields": {
        "point_log": 12,
        "type": true,
        "type_detail": "참여",
        "amount": 500,
        "created_at": "2023-06-15T17:25:19.844"
    }
},
{
    "model": "accounts.pointlogitem",
    "pk": 8,
    "fields": {
        "point_log": 9,
        "type": true,
        "type_detail": "참여",
        "amount": 500,
        "created_at": "2023-06-15T17:25:46.568"
    }
},
{
    "model": "accounts.pointlogitem",
    "pk": 9,
    "fields": {
        "point_log": 12,
        "type": true,
        "type_detail": "참여",
        "amount": 500,
        "created_at": "2023-06-15T17:26:46.490"
    }
},
{
    "model": "accounts.pointlogitem",
    "pk": 10,
    "fields": {
        "point_log": 13,
        "type": true,
        "type_detail": "참여",
        "amount": 500,
        "created_at": "2023-06-15T17:27:22.648"
    }
},
{
    "model": "accounts.pointlogitem",
    "pk": 11,
    "fields": {
        "point_log": 13,
        "type": true,
        "type_detail": "참여",
        "amount": 500,
        "created_at": "2023-06-15T17:29:52.476"
    }
},
{
    "model": "accounts.pointlogitem",
    "pk": 12,
    "fields": {
        "point_log": 16,
        "type": true,
        "type_detail": "참여",
        "amount": 500,
        "created_at": "2023-06-15T17:37:29.404"
    }
},
{
    "model": "accounts.pointlogitem",
    "pk": 13,
    "fields": {
        "point_log": 12,
        "type": true,
        "type_detail": "참여",
        "amount": 500,
        "created_at": "2023-06-15T17:39:24.113"
    }
},
{
    "model": "accounts.pointlogitem",
    "pk": 14,
    "fields": {
        "point_log": 16,
        "type": true,
        "type_detail": "참여",
        "amount": 500,
        "created_at": "2023-06-15T17:40:06.754"
    }
},
{
    "model": "accounts.pointlogitem",
    "pk": 15,
    "fields": {
        "point_log": 16,
        "type": true,
        "type_detail": "참여",
        "amount": 500,
        "created_at": "2023-06-15T17:43:57.783"
    }
},
{
    "model": "accounts.pointlogitem",
    "pk": 16,
    "fields": {
        "point_log": 16,
        "type": true,
        "type_detail": "참여",
        "amount": 500,
        "created_at": "2023-06-15T17:47:29.984"
    }
},
{
    "model": "accounts.pointlogitem",
    "pk": 17,
    "fields": {
        "point_log": 5,
        "type": true,
        "type_detail": "참여",
        "amount": 500,
        "created_at": "2023-06-15T17:47:50.540"
    }
},
{
    "model": "accounts.pointlogitem",
    "pk": 18,
    "fields": {
        "point_log": 5,
        "type": true,
        "type_detail": "참여",
        "amount": 500,
        "created_at": "2023-06-15T17:52:51.759"
    }
},
{
    "model": "accounts.pointlogitem",
    "pk": 19,
    "fields": {
        "point_log": 15,
        "type": true,
        "type_detail": "참여",
        "amount": 500,
        "created_at": "2023-06-15T20:49:46.184"
    }
},
{
    "model": "accounts.pointlogitem",
    "pk": 20,
    "fields": {
        "point_log": 10,
        "type": true,
        "type_detail": "구매",
        "amount": 585,
        "created_at": "2023-06-15T21:23:51.461"
    }
},
{
    "model": "accounts.pointlogitem",
    "pk": 21,
    "fields": {
        "point_log": 4,
        "type": true,
        "type_detail": "구매",
        "amount": 40,
        "created_at": "2023-06-15T21:25:59.979"
    }
},
{
    "model": "accounts.pointlogitem",
    "pk": 22,
    "fields": {
        "point_log": 19,
        "type": true,
        "type_detail": "구매",
        "amount": 560,
        "created_at": "2023-06-15T21:35:16.001"
    }
},
{
    "model": "accounts.pointlogitem",
    "pk": 23,
    "fields": {
        "point_log": 19,
        "type": true,
        "type_detail": "구매",
        "amount": 149,
        "created_at": "2023-06-15T21:36:12.013"
    }
},
{
    "model": "accounts.pointlogitem",
    "pk": 24,
    "fields": {
        "point_log": 10,
        "type": true,
        "type_detail": "구매",
        "amount": 70,
        "created_at": "2023-06-15T21:38:15.753"
    }
},
{
    "model": "accounts.pointlogitem",
    "pk": 25,
    "fields": {
        "point_log": 5,
        "type": false,
        "type_detail": "사용",
        "amount": 1000,
        "created_at": "2023-06-15T21:38:54.614"
    }
},
{
    "model": "accounts.pointlogitem",
    "pk": 26,
    "fields": {
        "point_log": 5,
        "type": true,
        "type_detail": "구매",
        "amount": 60,
        "created_at": "2023-06-15T21:38:54.625"
    }
},
{
    "model": "accounts.pointlogitem",
    "pk": 27,
    "fields": {
        "point_log": 18,
        "type": true,
        "type_detail": "구매",
        "amount": 70,
        "created_at": "2023-06-15T21:39:04.714"
    }
},
{
    "model": "accounts.pointlogitem",
    "pk": 28,
    "fields": {
        "point_log": 19,
        "type": true,
        "type_detail": "구매",
        "amount": 1400,
        "created_at": "2023-06-15T21:40:09.076"
    }
},
{
    "model": "accounts.pointlogitem",
    "pk": 29,
    "fields": {
        "point_log": 18,
        "type": true,
        "type_detail": "구매",
        "amount": 50,
        "created_at": "2023-06-15T21:40:59.935"
    }
},
{
    "model": "accounts.pointlogitem",
    "pk": 30,
    "fields": {
        "point_log": 17,
        "type": true,
        "type_detail": "구매",
        "amount": 585,
        "created_at": "2023-06-15T21:42:52.231"
    }
},
{
    "model": "accounts.pointlogitem",
    "pk": 31,
    "fields": {
        "point_log": 17,
        "type": true,
        "type_detail": "구매",
        "amount": 2600,
        "created_at": "2023-06-15T21:44:27.918"
    }
},
{
    "model": "accounts.pointlogitem",
    "pk": 32,
    "fields": {
        "point_log": 6,
        "type": true,
        "type_detail": "구매",
        "amount": 180,
        "created_at": "2023-06-15T21:48:08.242"
    }
},
{
    "model": "accounts.pointlogitem",
    "pk": 33,
    "fields": {
        "point_log": 19,
        "type": false,
        "type_detail": "사용",
        "amount": 2000,
        "created_at": "2023-06-15T21:49:21.905"
    }
},
{
    "model": "accounts.pointlogitem",
    "pk": 34,
    "fields": {
        "point_log": 19,
        "type": true,
        "type_detail": "구매",
        "amount": 160,
        "created_at": "2023-06-15T21:49:21.918"
    }
},
{
    "model": "challenges.challenge",
    "pk": 1,
    "fields": {
        "title": "함께동행",
        "description": "‘2023 환경사랑축제 함께동행’ 행사는 탄소 중립 실천을 위한 ▲환경사랑 함께동행 문화콘서트 ▲함께동행 시민 공감 탄소중립 캠페인 ▲탄소중립 생활 체험 등 보고, 듣고, 느끼고, 체험할 수 있는 다양한 프로그램",
        "created": "2023-06-15T15:52:02.986",
        "start_date": "2023-06-08T00:00:00",
        "end_date": "2023-06-11T00:00:00",
        "creator": 1,
        "participants": []
    }
},
{
    "model": "challenges.challenge",
    "pk": 3,
    "fields": {
        "title": "한강유역환경청 <환경사랑 인증네컷> 이벤트",
        "description": ") 한강유역환경청 SNS 팔로우하기!\r\n\r\n\r\n\r\n2) 환경 보호 실천하기\r\n\r\n(플로깅, 제로웨이스트, 분리배출, 대중교통 이용, 탈플라스틱 등)\r\n\r\n\r\n\r\n3) 실천 과정을 사진으로 찍어 본인 인스타그램 계정에 업로드 (최소 1컷, 최대 4컷)\r\n\r\n- 필수 해시태그: #한강유역환경청 #한강청 #환경의날 #인증네컷",
        "created": "2023-06-15T16:01:28.353",
        "start_date": "2023-06-03T00:00:00",
        "end_date": "2023-06-18T00:00:00",
        "creator": 1,
        "participants": []
    }
},
{
    "model": "challenges.challenge",
    "pk": 4,
    "fields": {
        "title": "350 캠페인 12기 (추가 모집)",
        "description": "[350캠페인 12기 모집]\r\n\r\n올해에도 350캠페인과 함께 할 분들을 모집합니다!\r\n\r\n♣ 대상 : 지구와 환경을 사랑하는 ‘대전’ 학생, 시민, 누구나\r\n\r\n♣ 언제? 매월 첫 번째 일요일(오전 9시, 오후 8시)\r\n\r\n♣어디서? 자신이 선택한 고정 지점에서(지점별 10명, 선착순 마감)\r\n\r\n♣어떻게? 온도계로 측정한 기온 값을 데이터화해 도시 열섬 현상 분석!\r\n\r\n지구온난화와 기후변화방지를 위한 해결법을 찾고 실천! (미션 참여)",
        "created": "2023-06-15T16:04:58.546",
        "start_date": "2023-06-07T00:00:00",
        "end_date": "2023-07-31T00:00:00",
        "creator": 1,
        "participants": [
            11,
            13
        ]
    }
},
{
    "model": "challenges.challenge",
    "pk": 5,
    "fields": {
        "title": "비건 음식 먹기 챌린지",
        "description": "매일 부산의 비건 음식점 메뉴 중 가장 먹고싶은 비건 음식 먹기",
        "created": "2023-06-15T16:05:05.316",
        "start_date": "2023-06-13T00:00:00",
        "end_date": "2023-06-26T00:00:00",
        "creator": 1,
        "participants": [
            12
        ]
    }
},
{
    "model": "challenges.challenge",
    "pk": 6,
    "fields": {
        "title": "환경챌린지 온리원어스 챌린지 3기 모집",
        "description": "굿네이버스 서울북부지부 환경챌린지  온리원어스 챌린지 3기 모집\r\n\r\n○ 모집개요\r\n\r\n   - 지구와 아동권리를 지키기 위한 도전 NEVER STOP\r\n   - 지구 지킴이를 모집합니다!",
        "created": "2023-06-15T16:08:14.992",
        "start_date": "2023-06-06T00:00:00",
        "end_date": "2023-07-14T00:00:00",
        "creator": 1,
        "participants": [
            13
        ]
    }
},
{
    "model": "challenges.challenge",
    "pk": 7,
    "fields": {
        "title": "기후환경캠페인 \"꿀벌과 함께해 BEE Toogether\" 모집",
        "description": "- 꿀벌을 구하기 위한 기후환경 챌린지 진행 : 챌린지 키트 제공\r\n\r\n     (씨드볼 심기, 우리동네 플로깅, 손수건 만들기 등)",
        "created": "2023-06-15T16:10:30.584",
        "start_date": "2023-06-13T00:00:00",
        "end_date": "2023-06-30T00:00:00",
        "creator": 1,
        "participants": [
            13
        ]
    }
},
{
    "model": "challenges.challenge",
    "pk": 8,
    "fields": {
        "title": "환경의날 플라스틱다이어트 빙고",
        "description": "- 1. 플라스틱 다이어트 실천하고 인증샷 찍기\r\n\r\n     #다회용기 사용하기\r\n\r\n     #장바구니 사용하기\r\n\r\n   - 2. 플라스틱 다이어트 빙고판을 캡쳐해 실천한 활동 체크하기\r\n\r\n     (한줄만 완성해도 성공!!)\r\n\r\n   - 3. 인증샷과 빙고판을 해시태그와 함께 올리면 완료! \r\n\r\n     (필수 해시태그: #2023플라스틱다이어트빙고)\r\n\r\n     (인증샷도 꼭 함께 올리기!)",
        "created": "2023-06-15T16:12:21.982",
        "start_date": "2023-06-01T00:00:00",
        "end_date": "2023-06-09T00:00:00",
        "creator": 1,
        "participants": []
    }
},
{
    "model": "challenges.challenge",
    "pk": 9,
    "fields": {
        "title": "2023 포드 환경 후원 프로그램 우리가 GREEN 미래 참가자 모집",
        "description": "- 2023 포드 환경 후원 프로그램 우리가 GREEN 미래 참가자를 모집합니다.\r\n\r\n 많은 관심 부탁드립니다.",
        "created": "2023-06-15T16:13:29.137",
        "start_date": "2023-06-12T00:00:00",
        "end_date": "2023-07-11T00:00:00",
        "creator": 1,
        "participants": []
    }
},
{
    "model": "challenges.challenge",
    "pk": 10,
    "fields": {
        "title": "BAT로스만스 환경분야 비즈니스 아이디어 대회",
        "description": "- 환경분야 청년 인재를 육성하여 더 좋은 내일(A Better Tomorrow)을 만들기 위한\r\n\r\n     『BAT로스만스 환경분야 비즈니스 아이디어 대회』를 다음과 같이 공고합니다. \r\n\r\n     창의적인 환경분야 아이디어를 지닌 여러분들의 많은 관심과 참여를 바랍니다.",
        "created": "2023-06-15T16:16:08.887",
        "start_date": "2023-07-01T00:00:00",
        "end_date": "2023-10-31T00:00:00",
        "creator": 1,
        "participants": []
    }
},
{
    "model": "challenges.challenge",
    "pk": 11,
    "fields": {
        "title": "세계 환경의 날 특집 브이데이 쓰줍원정대 모집",
        "description": "- 그거내놔! 캠페인\r\n\r\n   - 쓰레기 딜리버리 서비스: 한강공원에서 피크닉을 즐기는 시민들에게 다가가 쓰레기를 수거해서 대신 버려드립니다.\r\n\r\n   - 마음 비우기 퍼포먼스: 잊고 싶은 나쁜기억, 나쁜 습관 등의 버리고 싶은 것들을 포스트잇에 적어 같이 버리는 퍼포먼스를 진행합니다.",
        "created": "2023-06-15T16:16:26.955",
        "start_date": "2023-06-03T00:00:00",
        "end_date": "2023-06-03T00:00:00",
        "creator": 1,
        "participants": []
    }
},
{
    "model": "challenges.challenge",
    "pk": 12,
    "fields": {
        "title": "2023 환경 세대통합 프로젝트 '환경으로 통할Z' 참가자 모집",
        "description": "- 세대통합 및 환경교육\r\n\r\n   - 폐플라스틱 수거 및 업사이클 공예품 제작\r\n\r\n   - 팝업스토어 캠페인 기획 및 운영\r\n\r\n   - 최종 평가회의",
        "created": "2023-06-15T16:18:20.632",
        "start_date": "2023-06-12T00:00:00",
        "end_date": "2023-07-15T00:00:00",
        "creator": 1,
        "participants": [
            5,
            12
        ]
    }
},
{
    "model": "challenges.challenge",
    "pk": 13,
    "fields": {
        "title": "2023 어린이 그린리더십 과정 <생물다양성 탐사대>",
        "description": "- 난지한강공원생태습지원 생물종 탐사\r\n\r\n - 생태교란생물 제거 활동\r\n\r\n - 생태교육 및 환경 보드게임\r\n\r\n참가비 : 무료 (활동비 전액 지원, 수료증, 기념품, 도시락 제공)",
        "created": "2023-06-15T16:18:44.475",
        "start_date": "2023-06-01T00:00:00",
        "end_date": "2023-06-24T00:00:00",
        "creator": 1,
        "participants": [
            6,
            12,
            13,
            16
        ]
    }
},
{
    "model": "challenges.challenge",
    "pk": 14,
    "fields": {
        "title": "기후과학클래스 참가자 모집",
        "description": "<창의적인 기후기술 아이디어 캠프 : 2023 기후과학클래스>\r\n\r\n기후변화를 과학적으로 이해하고 창의적인 해결 아이디어를 제시할 청소년을 모집합니다.",
        "created": "2023-06-15T16:20:52.725",
        "start_date": "2023-06-15T00:00:00",
        "end_date": "2023-07-26T00:00:00",
        "creator": 1,
        "participants": [
            5,
            11,
            12,
            13
        ]
    }
},
{
    "model": "challenges.challenge",
    "pk": 15,
    "fields": {
        "title": "락앤락 대학생 친환경 서포터즈 그린메이트 20기 모집",
        "description": "- 제로웨이스트를 실천하는 '#그린메이트챌린지' 활동\r\n   - 텀블러 사용 문화를 확산하는 '#굿바이 일회용 컵 챌린지'활동\r\n   - 지구를 위한 친환경 운동 '플로깅'진행\r\n   - 자원 순환 캠페인 '러브 포 플래닛' 운영",
        "created": "2023-06-15T16:22:01.548",
        "start_date": "2023-02-24T00:00:00",
        "end_date": "2023-05-26T00:00:00",
        "creator": 1,
        "participants": []
    }
},
{
    "model": "challenges.challenge",
    "pk": 16,
    "fields": {
        "title": "임길진 NGO스쿨 12기 <시민사회 리더십 과정>",
        "description": "환경재단은 시민사회단체 활동가에게 필요한 전문교육 및 훈련 기회를 만들고자 故임길진 박사의 뜻을 기려 2006년 NGO 전문교육 기관인 ‘임길진 NGO스쿨’을 설립했습니다. 올해는 '기후위기 시대의 ESG 흐름과 시민사회의 미래'를 주제로 12번째 임길진 NGO스쿨을 진행합니다. 개인의 전문성 향상과 함께 지속가능한 미래를 만드는데 함께하실 2년 이상 경력 시민사회단체 활동가 분들의 많은 관심과 참여 바랍니다.",
        "created": "2023-06-15T16:22:30.414",
        "start_date": "2023-04-19T00:00:00",
        "end_date": "2023-06-14T00:00:00",
        "creator": 1,
        "participants": []
    }
},
{
    "model": "challenges.challenge",
    "pk": 17,
    "fields": {
        "title": "[그린 캠페인] 롯데백화점과 환경재단이 함께하는 2023 RE:EARTH MARKET_궁편",
        "description": "따스한 봄, 경희궁과 명동 길에서 깨끗한 도시 만들기 함께해요!\r\n\r\n \r\n\r\n리얼스 마켓 운영 일정 및 장소\r\n\r\n- 1차 : 2023년 4월 14일(금)~4월 16일(일) 11:00-16:00 / 경희궁 숭정문 앞\r\n\r\n- 2차 : 2023년 5월 3일(수) / 명동 길(명동 페스티벌)\r\n\r\n※ 정확한 위치는 행사 당일 환경재단 인스타그램을 통해 확인하세요!\r\n\r\n \r\n리얼스 마켓 참여 안내\r\n\r\n1) 현장 방문 후 RE:EARTH MARKET 트럭을 찾아주세요\r\n\r\n2) RE:EARTH MARKET 부스에서 플로깅 키트를 대여하세요\r\n\r\n3) 도심 곳곳에 버려진 쓰레기를 수거해 주세요\r\n\r\n4) 모은 쓰레기의 양에 따라 친환경 굿즈를 선물로 드려요",
        "created": "2023-06-15T16:23:44.684",
        "start_date": "2023-04-14T00:00:00",
        "end_date": "2023-04-16T00:00:00",
        "creator": 1,
        "participants": []
    }
},
{
    "model": "challenges.challenge",
    "pk": 18,
    "fields": {
        "title": "[그린 캠페인] [모집] 쓰담필터:빗물받이 청소 및 인식개선 캠페인 크루원 모집",
        "description": "바다로 이어지는 도시의 빗물받이 정화하고, 오리는 꽥꽥 아트웍을 통해 메시지를 전달하는 쓰담필터 \"크루원\"을 모집합니다!\r\n\r\n \r\n\r\n우리 주변에서 쉽게 찾아볼 수 있는 빗물받이에 담배꽁초가 가득!\r\n\r\n빗물받이를 통해 바다에 미세플라스틱이 흘러가지 않도록 해양 생태계를 보호해야할 때\r\n\r\n \r\n\r\n환경정화와 플로깅에 관심있는 분들의 많은 참여 바랍니다!",
        "created": "2023-06-15T16:25:10.723",
        "start_date": "2023-05-10T00:00:00",
        "end_date": "2023-05-28T00:00:00",
        "creator": 1,
        "participants": []
    }
},
{
    "model": "challenges.challenge",
    "pk": 19,
    "fields": {
        "title": "[그린 피플] [모집] 환경재단 그린리더사절단 모집 (~10/14)",
        "description": "대한민국과 아프리카 국가 간의 동반자 관계 증진에 있어\r\n\r\n우리 국민의 이해와 지지를 확대하고 국민 참여를 강화하기 위한 목적으로 \r\n\r\n아프리카 지역에서 개최되는 주요 국제회의에 참가할 \r\n\r\n그린리더사절단을 모집하오니 많은 관심과 지원을 바랍니다.",
        "created": "2023-06-15T16:26:59.802",
        "start_date": "2023-10-01T00:00:00",
        "end_date": "2022-10-14T00:00:00",
        "creator": 1,
        "participants": []
    }
},
{
    "model": "challenges.challenge",
    "pk": 20,
    "fields": {
        "title": "제로 서울 챌린지",
        "description": "일회용품 제로, 깨끗함은 두 배로!\r\n1. 일회용품 제로행동 실천하고 사진찍기\r\n2. 제로행동 인증샷과 해시태그(#제로서울챌린지) 인스타그램 업로드\r\n또는 환경교육포털 이벤트 페이지 통해 인증샷 업로드",
        "created": "2023-06-15T16:28:38.886",
        "start_date": "2023-06-06T00:00:00",
        "end_date": "2023-07-31T00:00:00",
        "creator": 1,
        "participants": [
            6,
            10,
            11,
            13,
            16,
            17
        ]
    }
},
{
    "model": "challenges.challenge",
    "pk": 21,
    "fields": {
        "title": "탄소발자국을 줄여라!",
        "description": "안 읽은 메일 또는 메일 휴지통 등 \r\n\r\n불필요한 메일을 지워 일상생활에서\r\n\r\n발생하는 디지털 탄소발자국을 줄여 주세요",
        "created": "2023-06-15T16:30:59.642",
        "start_date": "2023-06-02T00:00:00",
        "end_date": "2023-06-11T00:00:00",
        "creator": 1,
        "participants": []
    }
},
{
    "model": "challenges.challenge",
    "pk": 22,
    "fields": {
        "title": "너 '제로 웨이스트 캠페인' 실.천.한.거.야~",
        "description": "환경교육포털 카카오톡 플러스 친구추가 & 제로 웨이스트 캠페인 이벤트\r\n환경교육포털 카카오톡 채널에 친구 추가 하고 인증샷 캡쳐 찰칵\r\n* 제로 웨이스트 캠페인 실천도 찰칵!",
        "created": "2023-06-15T16:33:36.689",
        "start_date": "2023-03-03T00:00:00",
        "end_date": "2023-03-15T00:00:00",
        "creator": 1,
        "participants": []
    }
},
{
    "model": "challenges.challengeimage",
    "pk": 1,
    "fields": {
        "challenge": 1,
        "image": "challenge/1/campaign.jpg"
    }
},
{
    "model": "challenges.challengeimage",
    "pk": 3,
    "fields": {
        "challenge": 3,
        "image": "challenge/3/498338.png"
    }
},
{
    "model": "challenges.challengeimage",
    "pk": 4,
    "fields": {
        "challenge": 4,
        "image": "challenge/4/campaign2.jpg"
    }
},
{
    "model": "challenges.challengeimage",
    "pk": 5,
    "fields": {
        "challenge": 5,
        "image": "challenge/5/498864.jpg"
    }
},
{
    "model": "challenges.challengeimage",
    "pk": 6,
    "fields": {
        "challenge": 6,
        "image": "challenge/6/498455.jpg"
    }
},
{
    "model": "challenges.challengeimage",
    "pk": 7,
    "fields": {
        "challenge": 7,
        "image": "challenge/7/498224.png"
    }
},
{
    "model": "challenges.challengeimage",
    "pk": 8,
    "fields": {
        "challenge": 8,
        "image": "challenge/8/498326.jpg"
    }
},
{
    "model": "challenges.challengeimage",
    "pk": 9,
    "fields": {
        "challenge": 9,
        "image": "challenge/9/챌린지.jpg"
    }
},
{
    "model": "challenges.challengeimage",
    "pk": 10,
    "fields": {
        "challenge": 10,
        "image": "challenge/10/챌린지2.jpg"
    }
},
{
    "model": "challenges.challengeimage",
    "pk": 11,
    "fields": {
        "challenge": 11,
        "image": "challenge/11/497896.jpg"
    }
},
{
    "model": "challenges.challengeimage",
    "pk": 12,
    "fields": {
        "challenge": 12,
        "image": "challenge/12/496973.jpg"
    }
},
{
    "model": "challenges.challengeimage",
    "pk": 13,
    "fields": {
        "challenge": 13,
        "image": "challenge/13/챌린지3.jpg"
    }
},
{
    "model": "challenges.challengeimage",
    "pk": 14,
    "fields": {
        "challenge": 14,
        "image": "challenge/14/챌린지4.jpg"
    }
},
{
    "model": "challenges.challengeimage",
    "pk": 15,
    "fields": {
        "challenge": 15,
        "image": "challenge/15/491204.jpg"
    }
},
{
    "model": "challenges.challengeimage",
    "pk": 16,
    "fields": {
        "challenge": 16,
        "image": "challenge/16/챌린지5.jpg"
    }
},
{
    "model": "challenges.challengeimage",
    "pk": 17,
    "fields": {
        "challenge": 17,
        "image": "challenge/17/마감챌린지.png"
    }
},
{
    "model": "challenges.challengeimage",
    "pk": 18,
    "fields": {
        "challenge": 18,
        "image": "challenge/18/마감챌린지2.png"
    }
},
{
    "model": "challenges.challengeimage",
    "pk": 19,
    "fields": {
        "challenge": 19,
        "image": "challenge/19/마감.jpg"
    }
},
{
    "model": "challenges.challengeimage",
    "pk": 20,
    "fields": {
        "challenge": 20,
        "image": "challenge/20/캡처.PNG"
    }
},
{
    "model": "challenges.challengeimage",
    "pk": 21,
    "fields": {
        "challenge": 21,
        "image": "challenge/21/환경보전협회_2분기이벤트_230516.jpg"
    }
},
{
    "model": "challenges.challengeimage",
    "pk": 22,
    "fields": {
        "challenge": 22,
        "image": "challenge/22/환경보존협회_이벤트_제로웨이스트_230228.jpg"
    }
},
{
    "model": "challenges.certification",
    "pk": 1,
    "fields": {
        "challenge": 12,
        "user": 5,
        "title": "플라스틱 공예품",
        "content": "플라스틱 공예품 만들기 재밌어요",
        "created_at": "2023-06-15T17:04:16.446",
        "updated_at": "2023-06-15T17:04:16.446",
        "image": "certification/kwangbea93/p2.jpg"
    }
},
{
    "model": "challenges.certification",
    "pk": 2,
    "fields": {
        "challenge": 14,
        "user": 5,
        "title": "기후변화 무섭",
        "content": "기후변화가 사람 동물 갈등을 부추긴다.",
        "created_at": "2023-06-15T17:16:39.874",
        "updated_at": "2023-06-15T17:16:39.875",
        "image": "certification/kwangbea93/p3.jpg"
    }
},
{
    "model": "challenges.certification",
    "pk": 3,
    "fields": {
        "challenge": 20,
        "user": 13,
        "title": "일회용 컵 대신 다회용컵",
        "content": "카페 가서 다회용 컵 쓰고 왔어요.",
        "created_at": "2023-06-15T17:16:52.959",
        "updated_at": "2023-06-15T17:16:52.959",
        "image": ""
    }
},
{
    "model": "challenges.certification",
    "pk": 4,
    "fields": {
        "challenge": 14,
        "user": 13,
        "title": "강연 듣고 왔어요.",
        "content": "이준이 교수님 강의가 너무좋았습니다.\r\n\r\n기후 테크 전문가 강연도 추천 하고 싶습니다.",
        "created_at": "2023-06-15T17:18:05.532",
        "updated_at": "2023-06-15T17:18:05.532",
        "image": ""
    }
},
{
    "model": "challenges.certification",
    "pk": 5,
    "fields": {
        "challenge": 7,
        "user": 13,
        "title": "꿀벌과 함께 참여",
        "content": "꿀벌을 구하기 위한 기후 환경 챌린지에 참여 했습니다.\r\n\r\n챌린지 키트도 있었고 온오프라인으로 참여할 수 있어서 좋았습니다.",
        "created_at": "2023-06-15T17:20:19.477",
        "updated_at": "2023-06-15T17:20:19.477",
        "image": ""
    }
},
{
    "model": "challenges.certification",
    "pk": 6,
    "fields": {
        "challenge": 20,
        "user": 11,
        "title": "마트가방을 사용했습니다!!",
        "content": "비닐봉지 상요을 줄이기 위해 마트 가방을 사용해서 장보고왔습니다!!!",
        "created_at": "2023-06-15T17:22:36.405",
        "updated_at": "2023-06-15T17:22:36.405",
        "image": "certification/yong/마트가.jpg"
    }
},
{
    "model": "challenges.certification",
    "pk": 7,
    "fields": {
        "challenge": 6,
        "user": 13,
        "title": "온리원어스 챌린지",
        "content": "온리원어스 챌린지 재밌었어요\r\n아동의 권리도 지키고 챌리지 완료 수료증도 받고  ㅎㅎ 좋았습니다.",
        "created_at": "2023-06-15T17:25:19.771",
        "updated_at": "2023-06-15T17:25:19.771",
        "image": "certification/test3/girl-g40ec0fb7d_1920.jpg"
    }
},
{
    "model": "challenges.certification",
    "pk": 8,
    "fields": {
        "challenge": 20,
        "user": 10,
        "title": "일회용품 사용 안했어요",
        "content": "이렇게 쉬운데 안 하기도 어렵겠죠?!?!?",
        "created_at": "2023-06-15T17:25:46.541",
        "updated_at": "2023-06-15T17:25:46.541",
        "image": "certification/planethelper/포럼글.jpg"
    }
},
{
    "model": "challenges.certification",
    "pk": 9,
    "fields": {
        "challenge": 13,
        "user": 13,
        "title": "난지도 생물다양성 탐사대",
        "content": "난지도 생물다양성 탐사대 활동 참여했습니다.\r\n참가비가 무료였어요.\r\n50명 참여라서 신청이 조금 어려웠지만 참여할 수 있어서 다행이네요",
        "created_at": "2023-06-15T17:26:46.479",
        "updated_at": "2023-06-15T17:26:46.479",
        "image": ""
    }
},
{
    "model": "challenges.certification",
    "pk": 10,
    "fields": {
        "challenge": 14,
        "user": 11,
        "title": "기후변화에 대해 알고싶어요",
        "content": "기후변화에 대한 심각성을 다시 한번 느끼고 배웠습니다 ㅠㅠ",
        "created_at": "2023-06-15T17:27:22.626",
        "updated_at": "2023-06-15T17:27:22.626",
        "image": ""
    }
},
{
    "model": "challenges.certification",
    "pk": 11,
    "fields": {
        "challenge": 4,
        "user": 11,
        "title": "어려운게 아니라 좋아요",
        "content": "어렵지 않고 내 시간 조금 사용해서 기후변화방지에 도움이 되었다니 기쁩니다.",
        "created_at": "2023-06-15T17:29:52.453",
        "updated_at": "2023-06-15T17:29:52.453",
        "image": ""
    }
},
{
    "model": "challenges.certification",
    "pk": 12,
    "fields": {
        "challenge": 5,
        "user": 12,
        "title": "샐러드 너무 맛있게 생겼네요",
        "content": "사진 보고 너무 먹고 싶어서 바로 만들었습니다 ㅎㅎ",
        "created_at": "2023-06-15T17:37:29.174",
        "updated_at": "2023-06-15T17:37:29.174",
        "image": "certification/minji/샐러드.webp"
    }
},
{
    "model": "challenges.certification",
    "pk": 13,
    "fields": {
        "challenge": 4,
        "user": 13,
        "title": "350 캠페인 12기  재밌엇어요.",
        "content": "350 캠페인 12기 매월 첫째 일요일 오전 9시 너무 재밌게  다녀왔어요 ㅎㅎㅎㅎㅎㅎ",
        "created_at": "2023-06-15T17:39:24.091",
        "updated_at": "2023-06-15T17:39:24.091",
        "image": ""
    }
},
{
    "model": "challenges.certification",
    "pk": 14,
    "fields": {
        "challenge": 12,
        "user": 12,
        "title": "평소에 플라스틱 공예에 관심이 많았는데 마침 좋은 챌린지가 있었네요",
        "content": "제가 가진 취미에 만족도 너무 좋습니다 환경을 생각하면서 가지게 된 취미라 너무 뿌듯합니다 ㅎㅎ",
        "created_at": "2023-06-15T17:40:06.713",
        "updated_at": "2023-06-15T17:40:06.713",
        "image": "certification/minji/플라스틱공예.jpg"
    }
},
{
    "model": "challenges.certification",
    "pk": 15,
    "fields": {
        "challenge": 14,
        "user": 12,
        "title": "재밌어요!",
        "content": "평소에 환경에 관심이 많진 않았는데 이번 강의를 듣고 심각성을 느꼈습니다....",
        "created_at": "2023-06-15T17:43:57.753",
        "updated_at": "2023-06-15T17:43:57.753",
        "image": "certification/minji/환경.jpg"
    }
},
{
    "model": "challenges.certification",
    "pk": 16,
    "fields": {
        "challenge": 13,
        "user": 12,
        "title": "아이가 너무 좋아했어요",
        "content": "예전엔 시골 가면 핸드폰만 하는 아이였는데 이제는 풀 이름을 물어보면서 호기심을 갖게 되는게 너무 좋습니다ㅎㅎ 이번 기회에 아이가 환경에 가까워진 계기가 된 것 같아서 만족합니다ㅠㅠ",
        "created_at": "2023-06-15T17:47:29.951",
        "updated_at": "2023-06-15T17:47:29.951",
        "image": "certification/minji/생태습지.jpg"
    }
},
{
    "model": "challenges.certification",
    "pk": 17,
    "fields": {
        "challenge": 20,
        "user": 6,
        "title": "텀블러를 항상 들고다녀요",
        "content": "일회용품을 줄이고 있어요",
        "created_at": "2023-06-15T17:47:50.509",
        "updated_at": "2023-06-15T17:47:50.509",
        "image": "certification/yuyoung/2.jpg"
    }
},
{
    "model": "challenges.certification",
    "pk": 18,
    "fields": {
        "challenge": 13,
        "user": 6,
        "title": "자연과 함께 하는 행동",
        "content": "아이들이 정말 좋아합니다",
        "created_at": "2023-06-15T17:52:51.377",
        "updated_at": "2023-06-15T17:52:51.377",
        "image": "certification/yuyoung/main.jpg"
    }
},
{
    "model": "challenges.certification",
    "pk": 19,
    "fields": {
        "challenge": 13,
        "user": 16,
        "title": "인증",
        "content": "인증했따",
        "created_at": "2023-06-15T20:49:46.154",
        "updated_at": "2023-06-15T20:49:46.154",
        "image": "certification/ejej/2dc381c46c383c3cf0d4512c14d2c08c.jpg"
    }
},
{
    "model": "posts.post",
    "pk": 1,
    "fields": {
        "user": 1,
        "title": "가정에서 환경을 보호하는 25+ 방법",
        "content": "우리 모두는 일상생활을 습관처럼 하는 경향이 있고, 우리 하는 것이 지구에 미치는 영향은 생각하지 않을지도 모른다. 대부분은 해가 없지만, 우리의 일부 행동은 쓰레기 매립지를 증가와 대기 오염 등을 초래할 수 있다. 환경보호는 거창한 것처럼 보일 수 있고 어디서부터 시작해야 할지 알기가 어렵다. 어떤 사람들에게는 이 일은 생활 방식을 완전히 바꾸는 것이지만, 가장 간단하게 시작하는 방법은 집에서 부터이다.\r\n\r\n1. 수도꼭지를 잠그세요.\r\n물을 사용하지 않을 때 수도꼭지를 잠그는 것은 물 낭비를 줄이는 데 도움이 됩니다. 이를 닦을 때나 주방에서 일할 때에도 수도꼭지를 잘 잠그는 것은 물을 절약하는 데 큰 기여를 할 수 있습니다.\r\n\r\n2. 가전제품및 전기용품은 미 사용시 코드를 빼 주세요.\r\n많은 사람들이 토스터기나 커피메이커를 사용하지 않는 때에도 플러그를 꽂아 둡니다. 비록 이것이 사용할 때마다 플러그를 꽂고 뽑는 번거러움을 줄여주어 생활이 좀더 편하겠지만, 많은 에너지를 낭비합니다. 가전제품은 플러그가 꽂혀 있기만 해도, 에너지를 소비합니다.\r\n\r\n3. 세탁시 냉수 및 온수를 사용하세요.\r\n물이 뜨거울수록, 물과 에너지 낭비는 많아집니다. 환경보호주의자들은 세탁시 열수를 사용하지않고, 냉수 및 온수를 사용합니다.\r\n\r\n4. 식기세척기의 열 기능을 꺼 주세요.\r\n온수및 열수에 옷을 세탁하는 것과 같이, 열로 접시를 건조시키는 것은 많은 에너지를 소비합니다. 세척후에 자연건조 및 타월로 닦아내면 에너지를 줄일 수 있습니다.\r\n\r\n5. 종이타올을 쓰지말고 면타올을 쓰세요.\r\n매일 귀하가 얼마나 많은 종이 타올을 사고 사용하는지 생각해 보세요. 면타올로 바꾸면, 쓰레기를 줄이는 간단한 방법입니다. 이 면타올은 사용후 세탁하여 재사용할 수 있습니다.\r\n\r\n6. 재사용 가능한 물병을 구입하세요.\r\n플라스틱 일회용 병을 버리고 재사용 가능한 물병을 구입하세요. 이 병들은 더 환경 친화적일 뿐만 아니라 다른 이점들도 잇습니다. 이 들은 하이킹이나 자전거 탈때에 더 튼튼하여서 좋고, 심지어 하루 종일 물을 차갑게 유지할 수 있는 것 들도 있습니다.\r\n\r\n7. 방을 비울 때에 불을 꺼 주세요.\r\n이방 저방 돌아다니며 불을 켠 다음 하루 종일 켜놓기 쉽다. 방을 나가자마자 불을 끄는 습관을 들이면 생각지도 않은 에너지 낭비를 줄일 수 있을 것이다!\r\n\r\n8. 빗물을 받아서 사용하세요.\r\n빗물은 말 그대로 공짜 물입니다. 일기예보에서 비가 온다는 것을 알게되면, 물을 모으기 위해 양동이, 그릇, 또는 큰 컵들을 바깥에 놓으세요. 여러분이 모은 물은 화초에 주는 물로 사용할 수 있습니다!\r\n\r\n9. 충전식 배터리를 사용하세요.\r\n배터리는 일반적으로 에너지를 다 빼서 버릴 때까지 사용합니다. 이제는 재충전하고 재사용할 수 있는 기능을 갖춘 배터리를 판매하는 기업이 늘고 있습니다. 이런 종류의 배터리를 사용하는 것은 버려지는 배터리의 양을 줄이는 좋은 방법이다.\r\n\r\n10. 새는 수도꼭지는 수리하세요.\r\n수도꼭지가 새는 것은 물을 낭비하는 것 입니다. 싱크대, 샤워기 헤드 또는 실외 호스에 누수가 있는지 확인하십시오. 그것을 고치는 것은 일회성 노동이나 비용이지만, 결과적으로 큰 이익을 가져옵니다.\r\n\r\n11. 플라스틱 빨대는 버리세요.\r\n오늘날의 세계에서는 여러가지 빨대가 있습니다. 재사용 가능한 빨대를 사서 쓰면, 플라스틱 쓰레기를 줄이는데 도움이 되고 또한 개인용 빨대로 사용 가능 합니다. 집에서 시작하는 것이 더 쉽겠지만, 요령이 생기면, 가지고 다니면서 테이크아웃 음료에 사용할 수도 있습니다.\r\n\r\n12. 에너지 절약형 전구를 사용하세요.\r\n전구는 오랜 역사를 갖고 있습니다. 시중에 있는 많은 전구들은 충분한 빛을 내면서도 에너지는 적게 소비합니다. 전등을 끄는 것을 깜박했어도, 절전형 전구 사용시는, 에너지를 절약할 수 있습니다.\r\n\r\n13. 예날가구 재사용하세요.\r\n당신의 가구가 오래되었거나 더 이상 당신의 스타일이 아니더라도, 즉시 버리지는 마십시오. 스타일과 내구성을 업그레이드하는 방법은 여러 가지가 있습니다. 귀하의 창의성과 핀터레스트를 이용하여 가구수명을 연장할 수 있는 방법을 찾아 보세요.\r\n\r\n14. T-shirt 담요를 만드세요.\r\n시간이 지나면서 티셔츠는 금방 쌓입니다. 더 이상 입지 않는 것들로 담요를 만들어 보세요. 이것은 옷감의 낭비를 줄이고 서랍 안에 있던 것을 재활용할 수 있는 좋은 방법입니다.\r\n\r\n15. 옛날 옷 기부하세요.\r\n'한 사람의 쓰레기는 다른 사람의 보물'이라는 말이 여기에 적용된다. 잘 사용한 옷을 기부한다는 것은 쓰레기를 덜 버린다는 것이고, 도움이 필요한 사람을 돕고 있는 것 입니다.\r\n\r\n16. 종이를 절약하세요.\r\n은행 명세서와 지폐를 사용하는 대신에 전자기기로 은행 업무를 볼 수 있습니다. 귀하는 이 모든 은행관련 정보를 온라인에서 받을 수 있습니다. 이는 종이 낭비를 줄이는 훌륭한 방법일 뿐만 아니라, 집 안의 잡동사니들도 줄여줍니다.\r\n\r\n17. 전자책으로 바꾸세요.\r\n종이 낭비를 줄이고 나무를 아끼려면 전자책으로 읽기 시작하라! 많은 공립 도서관들과 교과서 회사들은 전자책을 사용 가능하게 하고 접근하기 쉽게 만들었습니다\r\n\r\n18. 예전 전자제품은 재사용하세요.\r\n많은 사람들은 집에 오래된 전자제품을 쌓아두는 죄를 범하고 있습니다. 예전 전자제품의 적합한 재활용 방법을 찾게 되면, 집안의 잡동사니를 없애고 환경을 돕는 것 입니다.\r\n\r\n19. 실내에 화초를 놓으세요.\r\n환경보호론자들이 염려하는 바는 식물과 나무의 감소와 대기오염물질의 증가다. 집에 어떤 화초를 추가하면 실내 공기를 개선하는 동시에 귀여운 장식이 딜 수 있습니다.\r\n\r\n20. 정워을 가꾸세요.\r\n정원의 크기는 키우고 싶은 양과 내용에 따라 다양할 수 있습니다. 이러한 요인에 따라, 여러분의 집 정원은 실내나 실외에 꾸밀 수 있습니다. 약간의 연구만 하면 금방 정원사가 될 수 있어요!\r\n\r\n21. 요리를 배우세요.\r\n외식하는 것은 테이크아웃 가방, 용기, 플라스틱 포크 등의 폐기물을 증가시킬 수 있다. 집에서 요리를 하면 이런 낭비를 줄일 수 있습니다.\r\n\r\n22. 그릇은 재활용하세요.\r\n양초나 음식에 사용했던 유리 그릇은 깨끗이 ㅊ닦아서 재활용 할 수 있습니다. 차고에 못 통, 욕실에 면봉 통, 홈 오피스에 펜과 연필, 공예실에 붓까지 보관하는 통으로 사용할 수 있슴니다.\r\n\r\n23. 샤워 시간을 줄이세요.\r\n따뜻한 물에 장시간동안 샤워 하는 것을 좋아하지 않는 사람이 있을ㄲ요? 그러나 뜨거운 물을 많이 사용하면 에너지 사용량은 증가합니다. 샤워하는 시간을 따져보고, 물과 에너지를 줄였을 때의 잇점을 생각해 보세요.\r\n\r\n24. 세탁기와 세척기는 충분히 채운후 운전시키세요.\r\n세탁기 및 세척기내 부하가 적으면, 물과 에너지의 낭비가 될 수 있다. 그래서, 세탁기나 식기 세척기가 가득 찰 때까지 기다렸다가 운전 시키십시오. 이렇게 하면 세탁기 및 식기세척기 전체 운전 시간을 줄일 수 있습니다.\r\n\r\n25. 옷은 걸어서 말리세요.\r\n옷걸이를 사용해 옷을 말리면, 건조기를 쓰지 않아도 되니, 에너지를 절약할 수 있습니다. 또한 옷이 손상되고 줄어드는 경우도 있습니다.\r\n\r\n26. 자연광을 이용하세요.\r\n할 수 있는한 전등을 끄고, 낮에는 창문을 통해 들어오는 자연광을 이용하세요.\r\n\r\n결론\r\n환경을 보호하는 방법은 여러가지가 있습니다. 여기서 제안한 것들중 일부는 쉽게 시작할 수 있지만, 작은 일부터 시작해서 자신감이 생기면 더 많은 일을 추가하세요. 환경보호에 동참하는 가장 보편적인 이유는 환경을 보호하기 위해서 이지만, 다른 혜택도받게 됩니다. 전기를 절약하거나, 물이 새는 수도꼭지를 고치거나, 옷을 널어 말리면, 물이나 전기 요금이 절약됩니다.",
        "created_at": "2023-06-15T16:31:08.117",
        "updated_at": "2023-06-15T16:31:08.117",
        "like_users": [
            8
        ]
    }
},
{
    "model": "posts.post",
    "pk": 2,
    "fields": {
        "user": 2,
        "title": "내가 생활 속에서 환경을 보호하는 방법",
        "content": "여러분은 각자 자기만의 생활속에서 환경을 보호하는 방법이 어떤 것이 있나요?\r\n\r\n제가 생각하는 생활속에서 환경을 보호하는 방법은 이 방법이 가장 현실적이면서 하기 쉬운 방법이지 않을까 하고 올려봅니다 \r\n\r\n한 분씩 공유 해 주세요ㅋㅋ",
        "created_at": "2023-06-15T16:36:19.670",
        "updated_at": "2023-06-15T16:36:49.191",
        "like_users": [
            4
        ]
    }
},
{
    "model": "posts.post",
    "pk": 3,
    "fields": {
        "user": 6,
        "title": "꿀벌의 실종, 해결방안을 소개합니다.",
        "content": "매년 5월 20일은 UN이 지정한 세계 벌의 날입니다. 벌이 한창 피어나는 꽃을 드나들며 꿀을 모으는 시기이기도 하지요. 하지만 최근 벌이 흔적도 없이 사라지고 있습니다. 기후변화와 기생충, 살충제 등의 복합적인 요인으로 꿀벌군집붕괴현상(CCD)이 일어나, 작년 초에는 78억 마리가, 올해 초에는 140억 마리가 사라졌습니다. 벌이 사라지자 수박과 멜론 등을 재배하는 시설원예농가에서는 수정벌을 사는 데 이전보다 2~4배 비싼 돈을 지불하는 상황이 벌어지고 있습니다. 꿀벌 폐사의 여파가 우리의 식탁 물가에도 이어지고 있는 것입니다. 이러한 상황에서 우리가 할 수 있는 일은 무엇일까요?\r\n\r\n국내 밀원면적, 지금의 2배 수준인 30만ha로 확대해야 합니다.\r\n밀원식물은 벌의 먹이가 되는 꽃과 나무를 의미합니다. 꽃에는 벌이 탄수화물과 단백질을 구할 수 있는 화밀과 화분(꽃가루)이 있어, 다양한 화분을 섭취한 벌은 그렇지 못한 벌보다 수명이 최대 2배나 길다는 연구 결과도 있습니다. 안동대학교에서 조사한 바에 따르면, 우리나라에서 살고 있는 250만 군의 양봉꿀벌과 3만~10만 군의 재래꿀벌, 그리고 전국 각지에 있는 야생벌의 안정적 생태계 조성을 위해서는 최소한 30만ha의 밀원면적이 필요합니다.\r\n\r\n그러나 우리나라의 밀원 면적은 약 15만ha 로 추정됩니다. 심지어 우리나라에서 생산되는 천연꿀의 대부분이 4~5월에만 꽃을 피는 아까시나무인 점을 고려하면, 벌에게 필요한 밀원식물은 오직 연 중 한두달에만 집중되어 있습니다. 나머지 기간에는 설탕물만 먹고 생존하는데, 이 설탕물에는 탄수화물과 단백질이 없어, 면역력이 약해지고 기생충, 질병, 살충제, 이상기온 등 외부 위협에 더욱 취약해집니다.\r\n\r\n따라서 벌이 건강을 유지하기 위해서는 밀원식물의 면적을 최소한 15만ha 더 늘려야 합니다. 이는 여의도 면적(290ha)의 약 517배에 해당하는 상당히 넓은 공간입니다. 산불 등 기후변화의 영향으로 매년 소실되는 산림 면적을 고려하면 그보다도 더 많은 밀원 면적을 최대한 빠른 기간안에 확보해야합니다. 매년 반복되는 꿀벌의 대량 폐사 규모가 점점 커지고 있기 때문입니다.\r\n\r\n도시에서 사는 우리. 어떤 꽃을 심어야 할까요?\r\n도시에서 벌을 찾기가 갈수록 힘들어지고 있지만 아직 우리가 지켜야 할 벌은 남아있습니다. 도심양봉으로 꿀벌을 기르는 사람들도 있을 뿐 아니라, 공원과 산을 중심으로 야생벌이 살고있기 때문입니다. 도시에서 사는 벌에게 밀원식물이 포함된 화단은 생존에 큰 도움이 됩니다. 피난처, 꽃꿀, 꽃가루, 대체먹이을 제공하는 화분매개 서식처가 마련된다면 벌 이외에도 다른 화분매개자들이 건강하게 살 수 있을 것입니다. 강가의 꽃밭이나 꽃길, 꽃 피는 식물군락 및 자연형 정원, 자투리 정원도 도시에서 사는 벌의 서식처가 될 수 있습니다.\r\n\r\n집 베란다, 옥상이나 자투리 공간이 있다면 아래로 소개드리는 꽃을 심어보면 어떨까요?\r\n\r\n해외에서도 도심 속 공원, 건물 지붕, 버스정류장 등 다양한 장소를 화분매개 서식처로 조성하는 사례가 늘고 있습니다. 네덜란드 위트레흐트에는 300개가 넘는 버스정류장 정원이 있습니다. 버스정류장 지붕에 꿀벌을 위한 정원을 조성한 결과, 최근 몇 년 동안 꿀벌의 개체 수가 더 이상 줄어들지 않는 것으로 나타났습니다. 버스정류장 옥상정원은 부수적 효과도 있습니다. 여름철 버스정류장의 폭염을 식혀주고 흘러내리는 빗물을 흡수할 뿐 아니라 공기도 맑게 해준다고 합니다.\r\n\r\n\r\n농지에서 산다면, 밀원식물은 일석이조의 효과 창출\r\n사과, 수박 등 과수원을 운영한다면, 농지나 농지 근처에 밀원식물을 심어보면 어떨까요? 인근에 꿀벌과 야생벌을 위한 밀원식물을 심는 것은 보기에도 아름다울 뿐 아니라 과수 사업에도 큰 도움이 될 수 있습니다. 안동대학교 식물의학과 연구팀이 벌과 나비를 비롯한 화분매개자 서식처와 과수원간의 상관관계를 조사한 결과, 과수원이 화분매개 서식처와 더 가까울수록 보다 다양한 벌과 나비가 찾아와 수정매개 활동도 더욱 활발히 이뤄집니다.\r\n\r\n다양한 화분매개 활동이 이루어지면 과수원의 초기 결실률도 올라갈 뿐 아니라, 사과 열매가 더 크고 건강하게 자라 그 품질도 향상됩니다. 뿐만 아니라 해충에 대한 천적 역할도 해, 해충의 밀도도 낮아졌다고 합니다.\r\n\r\n밀원면적 확대, 정부의 노력은 필수\r\n오늘날 한국 정부는 꿀벌을 가축으로만 취급해, 농식품부가 관련 이슈를 전담하고 있습니다. 하지만 현재 벌이 대량으로 폐사하는 현상은 기후 변화를 비롯하여 복합적인 요인이 작용한 결과입니다. 농업 생태계 뿐만 아니라 생태 보호구역, 도심 등 다양한 장소에 밀원수를 공급하는 등 다방면의 활동을 펼치기 위해서는 환경부, 국토교통부, 산림청 등 다수의 부처가 협업해야 합니다. 같은 이유로 미국과 영국 등 주요 선진국은 다수의 부처가 수분매개체 서식지를 확보하기 위한 노력을 펼치고 있습니다.\r\n\r\n꿀벌 폐사가 매년 심각해지고 있는 이 시점, 농림축산식품부 한 부처의 대처만 기다릴 여유는 없습니다. 한국 정부는 다수 부처가 연합한 ‘꿀벌 살리기 위원회’를 설립하여 밀원수 확대에 구체적인 정책과 계획을 세워야 합니다. 개개인들도 정부 정책들이 밀원 면적 30만만ha 확대까지 도달할 수 있도록 관심을 가지고 목소리를 내야 합니다. 지금과 같은 상황이 지속된다면 우리 식탁에는 고구마, 감자같은 뿌리작물만 올라오겠지요. 더 늦기 전에, 벌을 살리기 위한 행동에 동참해주세요!",
        "created_at": "2023-06-15T16:37:39.043",
        "updated_at": "2023-06-15T16:37:39.043",
        "like_users": []
    }
},
{
    "model": "posts.post",
    "pk": 4,
    "fields": {
        "user": 3,
        "title": "제로웨이스트를 실천하는 초심자",
        "content": "제로 웨이스트는 환경 보호와 자원 절약을 위해 매우 중요한 움직임입니다. 초심자로서 제로 웨이스트를 실천하기 위해 가장 중요한 태도는 '의식적인 소비'입니다. 아래는 초심자가 가질 수 있는 태도에 대한 글입니다.\r\n\r\n제로 웨이스트의 시작은 소비 습관의 변화부터 시작됩니다. 소비자로서, 우리는 자신이 얼마나 많은 폐기물을 생산하고 있는지 알아야 합니다. 먼저 일상적인 생활에서 발생하는 쓰레기의 종류와 양을 분석해보세요. 이를 통해 어떤 부분에서 개선이 필요한지 파악할 수 있습니다.\r\n\r\n다음으로 해야 할 일은 '리듀스(감소)'입니다. 필요한 만큼만 구입하고, 과도한 소비를 자제해야 합니다. 구매 전에 자신에게 몇 가지 질문을 해보세요. \"이것이 정말 필요한가요? 다른 대안이 없을까요? 내가 이것을 얼마나 오래 사용할 수 있을까요?\" 이런 질문을 통해 무분별한 소비를 줄이고, 자원의 낭비를 방지할 수 있습니다.\r\n\r\n제로 웨이스트를 실천하기 위해 필요한 다른 태도는 '재활용'입니다. 일상 생활에서 사용하는 제품들을 재활용할 수 있는지 확인해보세요. 리사이클링 가능한 제품을 적극적으로 활용하고, 재활용 분리수거를 실천하세요. 재활용 가능한 물품들을 따로 모아서 처리하는 것만으로도 많은 쓰레기가 자원으로 돌아갈 수 있습니다.\r\n\r\n또 다른 중요한 태도는 '재사용'입니다. 사용한 제품을 버리기 전에 재사용할 수 있는 방법을 찾아보세요. 예를 들어, 종이나 비닐봉지를 다시 사용하거나 재사용 가능한 용기를 활용할 수 있습니다. 또한 제품 수명을 연장하기 위해 수리와 복원에도 도전해보세요. 소비자로서 우리는 일회용 사회의 함정을 벗어나 장기적인 시각으로 생각해야 합니다.\r\n\r\n마지막으로, 초심자가 가져야 할 태도는 '교육과 공유'입니다. 제로 웨이스트에 대한 지식을 습득하고, 다른 사람들과 공유하는 것이 중요합니다. 지속 가능한 소비와 환경 보호에 관한 정보를 알리고, 주변 사람들과 함께 실천하는 문화를 만들어가야 합니다.\r\n\r\n제로 웨이스트는 한 번에 완벽하게 실천하기 어렵습니다. 하지만 초심자라면 작은 변화부터 시작할 수 있습니다. 의식적인 소비와 자원의 효율적인 활용을 위한 노력이 중요합니다. 우리 모두가 함께 참여하면 작은 변화들이 모여 큰 변화를 이룰 수 있을 것입니다.",
        "created_at": "2023-06-15T16:38:01.187",
        "updated_at": "2023-06-15T16:38:01.187",
        "like_users": [
            4
        ]
    }
},
{
    "model": "posts.post",
    "pk": 5,
    "fields": {
        "user": 8,
        "title": "탄소 중립은 가능한가?",
        "content": "탄소 중립은 기술적으로 가능한 개념입니다. 탄소 중립이란, 총 배출되는 탄소 노출량을 실질적으로 줄이고 남은 배출량을 탄소 오프셋을 통해 상쇄하여 최종적으로 net-zero 탄소 배출 상태를 달성하는 것을 말합니다.\r\n\r\n탄소 중립을 달성하기 위해서는 다음과 같은 주요 전략을 채택해야 합니다:\r\n\r\n에너지 효율화: 에너지 소비를 최소화하고 효율적인 기술을 사용하여 에너지 소비를 감소시킵니다. 건물, 교통, 산업 등 여러 부문에서 에너지 효율화를 추구할 수 있습니다.\r\n\r\n재생에너지 전환: 화석 연료에서 재생 가능한 에너지원인 태양, 풍력, 수력 등으로 전환하여 탄소 배출을 크게 줄입니다. 재생에너지 투자 및 인프라 구축이 필요합니다.\r\n\r\n탄소 오프셋: 탄소 중립을 달성하기 위해 탄소 오프셋을 활용할 수 있습니다. 탄소 오프셋은 탄소를 배출한 만큼 탄소를 제거하거나 포획하는 다른 곳에서의 프로젝트나 활동에 투자하여 상쇄하는 것을 말합니다.\r\n\r\n지속 가능한 농업과 산업: 농업과 산업 부문에서 지속 가능한 실천 방법을 적용하여 탄소 배출을 줄입니다. 지속 가능한 농업 관행, 순환 경제 모델, 친환경 생산 방식 등을 도입할 수 있습니다.\r\n\r\n탄소 감축 목표 설정과 추적: 기업, 정부 및 개인은 탄소 감축 목표를 설정하고 그에 따라 진행 상황을 철저히 추적해야 합니다. 목표와 추적은 탄소 중립을 달성하는 핵심 요소입니다.\r\n\r\n하지만 탄소 중립을 실현하는 것은 쉽지 않은 과정입니다. 여전히 기술적, 경제적, 정책적인 도전과 제약이 있을 수 있습니다. 또한 모든 산업 부문과 국가가 동일한 속도로 탄소 중립을 달성하는 것은 어렵습니다. 그러나 지속적인 노력과 협력을 통해 탄소 중립은 가능성이 있는 목표입니다.",
        "created_at": "2023-06-15T16:40:34.597",
        "updated_at": "2023-06-15T17:17:52.646",
        "like_users": [
            1
        ]
    }
},
{
    "model": "posts.post",
    "pk": 6,
    "fields": {
        "user": 4,
        "title": "환경보호와 함께하는 성장 지속가능한 발전",
        "content": "지속가능성이란\r\n지속가능한 발전을 이해하려면 지속가능성을 알아야하는데요. 지속가능성이란 생태계가 미래에도 유지할 수 있는 제반 환경이란 의미입니다. '미래 유지가능성'이라고 요약할 수 있는데요. 이 용어는 비영리 연구기관인 로마클럽(The Club of Rome)이 1972년 '성장의 한계(The Limits to Growth)'란 보고서에서 처음으로 언급했습니다. 이후 인간 활동, 경제나 경영, 기후와 환경, 국가정책 등에 광범위하게 사용되고 있죠.\r\n\r\n지속가능성은 인간과 자원의 공생, 개발과 보전의 조화, 현세대와 미래 세대 간의 형평등을 추구합니다. 또한 최근에는 환경적 측면뿐만 아니라 기업경영에도 지속가능성이 중요시되고 있는데요. 이에 따라 CSR(Corporate Social Responsibility, 기업의 사회적 책임) 경영이 확산 되고 있습니다.",
        "created_at": "2023-06-15T16:46:13.830",
        "updated_at": "2023-06-15T16:46:13.830",
        "like_users": [
            16
        ]
    }
},
{
    "model": "posts.post",
    "pk": 7,
    "fields": {
        "user": 8,
        "title": "나무 심기는 얼마나 효과가 있을까?",
        "content": "나무 심기는 여러 가지 환경적인 이점과 효과를 가져옵니다. 주요한 효과는 다음과 같습니다:\r\n\r\n탄소 흡수: 나무는 광합성 과정을 통해 이산화탄소를 흡수하고 산소를 방출합니다. 이는 대기 중의 탄소 농도를 감소시키고 온실가스를 흡수하여 기후 변화에 대응하는 데 도움을 줍니다.\r\n\r\n대기 정화: 나무는 공기를 정화하는 역할을 합니다. 잎사귀와 나무 표면은 공기 중의 유해 물질과 오염 물질을 포획하여 제거하고, 산소를 방출함으로써 공기 질을 개선합니다.\r\n\r\n토양 보호: 나무의 뿌리는 토양을 강화하고 침식을 방지하는 데 도움을 줍니다. 나무는 토양을 고정시키고 토양 중의 영양분을 재활용하여 생태계의 균형을 유지합니다.\r\n\r\n생태계 지원: 나무는 다양한 생물들에게 서식지를 제공하고 생태계의 다양성을 증가시킵니다. 나무들은 새들이, 곤충이, 동물이, 그리고 다른 식물들이 서식할 수 있는 보호와 음식을 제공합니다.\r\n\r\n물 관리: 나무들은 비를 흡수하고 토양에 저장하여 지하수와 물 순환에 영향을 줍니다. 나무들이 적절히 심어져 있다면, 홍수와 가뭄을 완화하는 데 도움을 줄 수 있습니다.\r\n\r\n시각적 가치와 심리적 효과: 나무들은 우리 주변의 환경을 아름답게 만들어주고 자연과의 연결을 제공합니다. 이는 우리의 심리적 안정감과 행복감을 증진시킬 수 있습니다.\r\n\r\n나무 심기는 환경 보호와 생태계 회복에 매우 유익한 행위입니다. 그러나 효과는 심는 나무의 종류, 위치, 수량, 그리고 심는 사람들의 지속적인 노력에 따라 달라질 수 있습니다. 따라서 나무 심기는 오랜 기간 동안 지속되어야 최대한의 효과를 발휘할 수 있습니다.",
        "created_at": "2023-06-15T16:47:10.210",
        "updated_at": "2023-06-15T16:47:10.210",
        "like_users": []
    }
},
{
    "model": "posts.post",
    "pk": 8,
    "fields": {
        "user": 7,
        "title": "대기 오염 이대로 괜찮은걸까요?!?!?",
        "content": "대기오염은 매우 심각한 문제이며, 이를 해결하기 위해서는 우리 모두가 함께 노력해야 합니다. 대기오염 해결을 위한 몇 가지 방법을 소개해드리겠습니다.\r\n\r\n1. 대중교통 이용: 자가용 대신 대중교통을 이용하는 것은 대기오염을 줄이는 데 큰 도움이 됩니다. 대중교통 체계를 강화하고 환경 친화적인 교통 수단의 개발과 보급이 필요합니다.\r\n\r\n2 .에너지 절약: 에너지를 절약하기 위해서는 온도 조절, 에너지 효율적 가전제품 사용과 LED 전구 등의 제품 교환 등 여러 방법이 있습니다.\r\n\r\n3. 대기 오염 발생원 감축: 대기오염이 발생하는 공장과 발전소 등에서 대기오염 물질 배출 감소를 위한 기술의 도입과 대기오염 물질 배출 규제를 강화하는 등의 노력이 필요합니다.\r\n\r\n4. 재활용과 분리수거: 재활용과 분리수거를 통해 일회용품 사용을 줄이고 환경을 지키는 데 큰 기여를 할 수 있습니다.\r\n\r\n5. 대기오염에 대한 교육: 대기오염을 해결하기 위해서는 대기오염이 어떤 문제를 일으키는 지에 대해 교육하는 것도 중요합니다. 이 때 교육을 통해 환경을 지키는 습관을 쉽게 들일 수 있습니다.\r\n\r\n이 외에도 대기오염 해결을 위한 다양한 노력들이 필요합니다. 대기오염의 심각성과 위험성에 대해 인식하고 적극적으로 노력해야 합니다.",
        "created_at": "2023-06-15T16:49:21.581",
        "updated_at": "2023-06-15T16:49:21.581",
        "like_users": [
            4,
            14
        ]
    }
},
{
    "model": "posts.post",
    "pk": 9,
    "fields": {
        "user": 4,
        "title": "환경을 보호하는 나라별 기상천외한 방법 10가지",
        "content": "캐나다\r\n\"비닐봉지를 사갈 테면 사봐라\"\r\n\r\n캐나다 벤쿠버 한 마트에서는 이상한 비닐봉지를 나눠준다. 봉지 겉면에 '성인용 비디오 가게'같은 민망한 단어들이 새겨져 있다. 마트에서 장을 보고 비닐봉지에 물건을 담게 되면 자칫 성인용 비디오를 대여한 사람으로 오해받기 쉽다. 마트의 로고도 아닌 이러한 민망한 문구를 새긴 까닭은 고객들의 일회용 비닐봉지 사용을 줄이기 위해서인데, 비닐봉지에 가격(5센트)을 매겨도 비닐봉지 사용이 줄지 않자 마트 차원에서 고안해 낸 아이디어다.\r\n\r\n덕분에 문구가 민망한 사람들은 비닐봉지를 구매하지 않게 되고, 이에 재미를 느낀 사람들은 한 번 쓰고 버리던 것을 두 번 이상 사용하고 있다. 비닐봉지의 출처를 묻는 사람들에게는 환경 문제에 대한 경각심을 일깨워 주는 일석삼조의 효과를 얻었다.\r\n \r\n\r\n태국\r\n\"내 장바구니 어때요\"\r\n\r\n2020년을 맞이해 태국에서 새롭게 탄생한 유행이 있으니, 일명 '나만의 장바구니'다. 정부에서 1월 1일부터 마트 고객들에게 비닐봉지 제공을 중단하자 사람들이 비닐봉지 대신 각자만의 개성 있는 장바구니를 들고 온 것.\r\n\r\n수레부터 요강, 뜰채, 어망, 명품 가방까지 기상천외한 장바구니를 들고 와 장 본 물건을 담고 SNS에 인증 사진을 남기면서 더 많은 사람이 동참하고 있다. 하마터면 비닐봉지의 제공 중단이 고객들에게 불편을 끼칠 수도 있었지만, 오히려 유쾌한 방법으로 환경보호에 동참하는 계기를 만들어 주었다.\r\n\r\n\r\n미국\r\n\"지구 한 모퉁이가 깨끗해졌어요\"\r\n \r\n미국에서는 ‘트래시태그 챌린지(trash tag challenge)’가 한창이다. 쓰레기로 뒤덮인 공원, 해변, 도로 등을 청소한 뒤, 청소 전(before)과 청소 후(after) 사진을 비교해 SNS에 게시하는 환경 운동이다. 인스타그램에 #trashtag라는 해시태그가 달린 게시물이 약 15만4000개에 달할 정도(2020년 2월 5일 기준).\r\n\r\n이전에 루게릭병 환자를 돕기 위해 진행되었던 ‘아이스버킷 챌린지’와 마찬가지로 트래시태그 챌린지 또한 ‘더 좋은 세상을 만드는 운동’이라며 전 세계 사람들에게 찬사를 받고 있다. 환경보호 활동이 즐거운 놀이가 된 덕분에 지구를 청소하는 일에 자발적으로 참여하는 사람들이 지금도 늘고 있는 중이다.\r\n\r\n\r\n미국\r\n\"월요일은 고기 먹지 않는 날\"\r\n \r\n일주일에 하루를 고기 대신 채식 식단으로 바꾸는 환경 운동도 있다. '고기 없는 월요일(Meat Free Monday) 운동'으로 비틀즈 멤버 폴 매카트니가 2009년 유럽의회에서 처음 제안하면서 유명해졌다. 한 가족이 일주일에 단 하루만 고기를 먹지 않아도 5주 동안 자동차를 타지 않는 것과 같은 효과를 낼 수 있다고.\r\n\r\n작은 실천 하나로 환경 보호에 크게 기여할 수 있다는 점이 많은 사람의 적극적 동참을 이끌어내고 있다. 미국 뉴욕시에서는 약 110만명의 학생들이 2019년 2학기부터 고기 없는 월요일 운동에 동참하고 있다.\r\n\r\n\r\n영국\r\n\"음식물 쓰레기를 먹어 치워요\"\r\n\r\n음식물 쓰레기를 다같이 재밌게 없앨 수 있다면? 2009년 영국 런던에서 시작된 ‘피딩 더 5000(Feeding the 5000)’은 버려진 식재료를 이용해 만든 음식을 5000여명과 나눠 먹는 축제다. 윗부분이 살짝 손상된 브로콜리나, 밑동이 떨어져 나간 당근처럼 판매 가치가 없어져 마트나 공장, 레스토랑에서 버려지는 식자재를 활용한다.\r\n\r\n음식을 나눠 먹는 행사 외에도 쉽게 버려지는 식자재를 활용한 요리법을 배울 수 있고 축제에 참여한 사람들이 앞으로도 음식물 쓰레기를 줄이기 위해 노력하겠다는 서약을 쓰는 이벤트가 있어 단발적인 행사 그 이상의 가치를 담고 있다.\r\n\r\n\r\n영국\r\n\"보이지 않는 곳에 심는 식물\"\r\n\r\n영국에서는 2004년부터 도시 사각지대에 식물을 심고 가꾸는 운동을 진행해 왔다. 소규모의 인원으로 식물을 심는다는 의미의 '게릴라 가드닝'은 버려진 공간에 꽃을 심어 투박했던 공간을 소박하지만 개성 있는 정원으로 탈바꿈하는 운동이다. 도로변, 깨진 보도블록 사이, 가로수등 아래, 버려진 화단 등 장소는 정하기 나름이다.\r\n\r\n도심 속 자투리 공간에서 일어나는 게릴라 가드닝은 우리가 사는 주변 환경을 돌아보고, 더 나은 환경을 만들기 위해 노력해야겠다는 마음가짐을 갖게 함으로써 많은 게릴라 가드너들을 만들어 내고 있다.\r\n\r\n\r\n호주\r\n\"누가 7월에 플라스틱을 쓰는가\"\r\n \r\n호주에서는 7월이 되면 플라스틱과의 이별을 선포한다. 바로 '플라스틱 프리 줄라이(Plastic Free July)' 캠페인 때문. 스스로 실천 가능한 항목과 목표 기간을 설정해 최대한 플라스틱을 사용하지 않는다. 홈페이지(www.plasticfreejuly.org)에서 이름과 이메일을 입력하고 플라스틱 생수병 안 쓰기, 플라스틱 포장 제품 거절하기 등 가능한 도전 과제를 선택 후 기간을 설정하면 된다.\r\n\r\n꼭 한 달 내내 하지 않고 단 하루만 실천해도 괜찮다. 등록한 이메일로 플라스틱을 사용 안 할 수 있는 유용한 팁이나 아이디어를 보내주기 때문에 의지가 약한 사람들도 누구나 쉽게 도전할 수 있다.\r\n\r\n\r\n한국\r\n\"지구를 위한 의미 있는 수영\"\r\n \r\n한국에도 환경을 보호하는 특별한 방법이 있다. 바로 '스윔픽(swimming+pick up)'인데, 바다에서 수영하며 쓰레기를 줍는 활동을 의미한다. 지구시민운동연합과 제주해녀문화연구원이 진행한 캠페인으로, 육지는 환경미화원이 있는데 바닷속 청소부는 없다는 점을 착안하여 시작하게 됐다.\r\n\r\n스윔픽에 참여한 다이버들은 바닷속으로 들어가 쓰레기를 줍고 시민 참여단은 다이버들이 바다에서 주운 쓰레기들을 육지에서 수거하고 분류해서 버리는 작업을 한다. 참여자들은 우리나라 쓰레기뿐 아니라 중국어나 일본어가 쓰여 있는 쓰레기들이 많이 발견되는 것을 보고 쓰레기에는 국경이 없다는 것을 다시 한 번 깨닫게 된다.\r\n \r\n\r\n1. 반려견과 함께 줍깅\r\n \r\n줍깅은 스웨덴 플로깅의 한국식 표현으로, 줍다와 조깅을 합친 말이다. 줍깅은 예전부터 실천되어 왔지만, 반려견과 함께하는 '줍깅 with Dogs'는 올해 처음 시작됐다. 반려견과 함께 자연의 길을 즐기며 환경을 깨끗이 보호하는 프로젝트로, 반려견과 함께 산행을 즐기는 모임 'GOOUT with Dogs'에서 기획하고 만든 프로젝트다.\r\n\r\n참여 방법은 간단하다. 활동사진을 찍고 카페 또는 SNS에 올리면 끝. 한 달 넘게 진행되었는데 #줍깅withdogs 해시태그가 달린 게시물이 120개를 넘어섰다(2020년 2월 5일 기준). 인증 사진을 10회 업로드하면 해당 홈페이지(http://www.joobging.com/)에서 클린멍 패치, 독채 펜션 할인권과 같은 리워드도 증정한다.\r\n\r\n\r\n2. 쓰레기덕질 커뮤니티\r\n \r\n쓰레기를 사랑하는 사람들의 모임이다. 길 가다 버려진 쓰레기만 보면 어떻게 살릴지 고민하고, 쓰레기와 관련한 뉴스를 스크랩하는 등 생활 속 쓰레기를 줄이기 위해 다방면으로 노력한다. 커뮤니티(https://zero-waste.parti.xyz/parties)에 가입하면 다양한 프로젝트가 마련되어 있어 원하는 활동에 쉽게 참여할 수 있다.\r\n\r\n대표적인 프로젝트로는 쓰레기 줄이는 팁을 공유하는 '제로웨이스트 팁팁팁', 버려진 1회용 컵을 줍고 가장 많이 버려진 브랜드 매장에 재활용을 위해 돌려주는 '플라스틱 컵 어택', 내가 만든 쓰레기는 어느 정도인지 관찰하는 '쓰레기 관찰기' 등이 있다.",
        "created_at": "2023-06-15T16:52:15.153",
        "updated_at": "2023-06-15T16:52:15.153",
        "like_users": [
            9,
            19
        ]
    }
},
{
    "model": "posts.post",
    "pk": 10,
    "fields": {
        "user": 9,
        "title": "공장의 탄소배출을 줄이는 법",
        "content": "공장의 탄소배출을 줄이기 위해 다음과 같은 방법들을 고려할 수 있습니다:\r\n\r\n효율적인 에너지 사용: 공장 내의 기계 및 장비에 대한 에너지 효율성을 개선합니다. 고효율의 에너지 시스템, LED 조명, 에너지 관리 시스템 등을 도입하여 전력 소비를 최소화합니다.\r\n\r\n재생에너지 도입: 공장의 에너지 공급을 화석 연료에서 재생에너지로 전환합니다. 태양광, 풍력, 수력 등의 재생에너지 시스템을 도입하여 친환경적인 전력을 사용합니다.\r\n\r\n프로세스 개선: 공정과 생산 방식을 개선하여 탄소 배출을 줄입니다. 예를 들어, 재활용 가능한 자재 사용, 고효율 생산 공정 도입, 배출 가스 처리 시스템 개선 등을 고려할 수 있습니다.\r\n\r\n폐기물 관리: 폐기물 처리를 효율적으로 관리하여 메탄 가스 등의 온실가스 배출을 줄입니다. 재활용, 재사용 및 폐기물 처리 시설의 효율적인 운영을 통해 탄소 배출을 감소시킵니다.\r\n\r\n교육과 인식 제고: 직원들에게 탄소 배출 감소의 중요성을 교육하고 인식시킵니다. 에너지 절약 및 친환경적인 생산 방법에 대한 인식을 높이고, 참여와 협력을 유도합니다.\r\n\r\n탄소 오프셋: 탄소 오프셋 프로그램에 참여하여 공장의 남은 탄소 배출을 상쇄할 수 있습니다. 탄소 오프셋은 환경 보호 프로젝트에 자금을 투자하여 탄소 배출 상쇄 효과를 얻는 방법입니다.\r\n\r\n협력과 공유: 다른 기업이나 조직과 협력하여 탄소 배출 감소에 관한 정보와 최선의 실천 방법을 공유합니다. 산업 협회, 정부 기관, 환경 단체와의 협업을 통해 탄소 배출 저감을 위한 정책과 지침을 따릅니다.\r\n\r\n이러한 방법들은 공장의 탄소 배출을 줄이는 데 도움이 될 수 있습니다. 중요한 것은 탄소 감축을 지속적으로 추구하고 지속적인 개선을 위해 노력하는 것입니다.",
        "created_at": "2023-06-15T16:54:43.615",
        "updated_at": "2023-06-15T16:54:43.615",
        "like_users": [
            19
        ]
    }
},
{
    "model": "posts.post",
    "pk": 11,
    "fields": {
        "user": 8,
        "title": "플라스틱 분해 과정과 원리 내가 바꾼다 이제",
        "content": "플라스틱 분해는 플라스틱의 분자 구조를 끊어서 더 작은 화학물질로 변화시키는 과정입니다. 이러한 분해는 다양한 방법과 원리에 의해 이루어질 수 있습니다. 여기에는 몇 가지 주요한 플라스틱 분해 과정과 원리를 설명하겠습니다.\r\n\r\n열분해 (Thermal decomposition): 열 분해는 플라스틱을 고온에서 처리하여 분해하는 과정입니다. 플라스틱이 고온에 노출되면 분자 사이의 결합이 약화되고 플라스틱이 분해됩니다. 이러한 열분해 과정은 폐기물 처리 시설이나 특수 장비에서 수행될 수 있습니다.\r\n\r\n광분해 (Photodegradation): 광분해는 플라스틱이 자외선 또는 다른 형태의 광선에 노출될 때 일어나는 분해 과정입니다. 자외선은 플라스틱의 분자 결합을 약화시켜 작은 조각으로 분해시킵니다. 이 과정은 자연적인 환경에서 일어날 수 있으며, 햇빛에 노출된 플라스틱의 표면에서 흔히 발생합니다.\r\n\r\n생물 분해 (Biodegradation): 생물 분해는 플라스틱이 생물적인 작용에 의해 분해되는 과정입니다. 일부 플라스틱은 미생물, 균류, 곰팡이 등의 생물체에 의해 분해될 수 있습니다. 이러한 생물 분해는 플라스틱 종류와 환경 조건에 따라 다를 수 있습니다. 생물 분해 가능한 플라스틱은 \"생분해성 플라스틱\"으로 알려져 있습니다.\r\n\r\n화학 분해 (Chemical degradation): 화학 분해는 화학적인 반응을 통해 플라스틱을 분해하는 과정입니다. 이는 산, 염기, 산화제 등의 화학 물질을 사용하여 플라스틱 분자를 분해하는 방법입니다.\r\n\r\n플라스틱 분해는 위의 과정들이 결합하여 발생할 수도 있으며, 플라스틱의 종류, 환경 조건 및 처리 방법에 따라 다양한 원리가 작용할 수 있습니다. 분해 과정은 보다 작은 화학 물질로 변화되는데, 이러한 작은 화학 물질은 자연적인 분해나 환경에 더 쉽게 흡수되거나 분해될 수 있습니다.",
        "created_at": "2023-06-15T17:05:43.398",
        "updated_at": "2023-06-15T17:18:41.053",
        "like_users": []
    }
},
{
    "model": "posts.post",
    "pk": 12,
    "fields": {
        "user": 10,
        "title": "멸종 위기 동물 이제는 지켜줘야해요!!!",
        "content": "멸종 위기 동물을 보호하기 위해서는 우리가 일상 생활에서도 적극적으로 환경을 보호해야 합니다. 다음은 멸종 위기 동물을 보호하기 위한 몇 가지 방법입니다.\r\n\r\n서식지 유지와 복원: 멸종 위기 동물들이 서식하는 지역의 자연환경을 유지하고, 복원함으로써 멸종 위험에 빠진 동물들을 보호할 수 있습니다.\r\n\r\n적극적인 지구 온난화 대응: 지구 온난화로 인한 생태계의 변화가 멸종 위기 동물들에게 큰 타격을 줍니다. 식생을 포함한 전 지구적 온난화 대응과 탄소 배출량 감소 등을 통해 지구온난화로 인한 생태계의 파괴를 막아야 합니다.\r\n\r\n비영리단체에 기부: 멸종 위기 동물들을 보호하는 비영리 단체에 기부를 함으로써, 이들이 동물 보호활동을 계속 진행할 수 있도록 돕는 것이 좋습니다.\r\n\r\n환경오염 방지: 대기오염, 물 오염, 쓰레기 문제 등 환경오염을 줄이는 노력이 필요합니다. 대중교통 이용, 재활용과 분리수거, 쓰레기 줄이기 등의 노력으로 환경 오염을 줄일 수 있습니다.\r\n\r\n약초 사용 줄이기: 지구 내 멸종 위기 동물을 보호하기 위해서는 화학적 약초를 사용하는 것을 줄여야 합니다. 약초 대신 생태 여건에 적합한 멸종 위기 동물들이 살아가는 환경을 구축해야 합니다.\r\n\r\n이 외에도 멸종 위기 동물들을 지키기 위한 다양한 방법들이 있습니다. 우리가 지구 환경을 보호하면서 환경 오염, 지구온난화, 자원 고갈 등의 문제를 근본적으로 해결함으로써, 멸종 위기 동물들을 보호할 수 있는 노력을 계속해 나가야 합니다.",
        "created_at": "2023-06-15T17:08:53.326",
        "updated_at": "2023-06-15T17:08:53.326",
        "like_users": [
            4
        ]
    }
},
{
    "model": "posts.post",
    "pk": 13,
    "fields": {
        "user": 4,
        "title": "어떻게 하면 지구를 지키고 지속 가능한 환경을 만들 수 있을까요?",
        "content": "지구를 지키고 지속 가능한 환경을 만들기 위해 우리가 할 수 있는 일은 무엇일까요? \r\n산업화가 진행됨에 따라 늘어나는 대기오염, 해양오염 등 환경 문제를 해결하기 위해 노력하고 있는 기술이나 방법들은 어떤 것이 있을까요?",
        "created_at": "2023-06-15T17:09:50.779",
        "updated_at": "2023-06-15T17:09:50.779",
        "like_users": [
            1
        ]
    }
},
{
    "model": "posts.post",
    "pk": 14,
    "fields": {
        "user": 5,
        "title": "환경을 지키는 지속가능한 발명품",
        "content": "지금 그 어느 때보다 '환경'이 중요한 주제로 논의되고 있습니다. 점점 더 많은 사람들이 환경 보호에 참여하고, 적든 많든 지속가능한 삶에 기여하고 있습니다. 환경 보호, 지속가능한 삶의 실현에 있어서 중요한 것은 완벽하게 실천하는 것이 아니라 작은 발걸음을 내딛는 것입니다. 오늘은 환경이 오랫동안 기다려온 발명품을 소개해드리겠습니다.\r\n\r\n1. 꽃씨가 들어있는 종이 컨페티\r\n\r\n색종이 조각에 의미 있는 목적을 추가적으로 부여하기 위해 이 색종이에는 파티 후에 간단히 심고 물을 뿌릴 수 있는 꽃씨가 들어 있습니다. 다채로운 식물이 곧 싹이 트기 시작할 거예요.\r\n\r\n2. 운동과 신선한 스무디를 한 번에!\r\n\r\n믹서기와 연결된 이 환경친화적인 자전거로는 한 번에 두 마리의 토끼를 잡을 수 있어요. 페달을 구르면 신선한 재료로 스무디가 만들어집니다.\r\n\r\n3. 유리로 된 정수기 생수통\r\n\r\n대형 플라스틱 생수통으로 된 정수기 다들 아시죠? 이 생수통은 유리로 되어있어요. 컵도 플라스틱 대신 종이랍니다.\r\n\r\n4. 커피 찌꺼기로 만든 커피잔\r\n\r\n여기서 버릴 것은 하나도 없습니다. 이 커피잔은 100% 재활용된 커피 찌꺼기로 만들어졌어요. 이 잔을 이용하면 행복한 마음으로 맛있는 커피를 즐길 수 있어요.\r\n\r\n5. 쓰레기를 모으면 공짜 커피를\r\n\r\n이 카페에서는 근처 해변의 쓰레기를 주워 통을 채워오는 사람들에게 무료로 커피를 제공하고 있어요.",
        "created_at": "2023-06-15T17:13:40.942",
        "updated_at": "2023-06-15T17:13:40.942",
        "like_users": [
            1,
            8,
            10,
            17
        ]
    }
},
{
    "model": "posts.post",
    "pk": 15,
    "fields": {
        "user": 16,
        "title": "환경아, 아프지마",
        "content": "환경은 우리 모두에게 귀중한 자원입니다. 그러나 우리가 지구를 부당하게 다루고 낭비하며, 환경 파괴의 결과로 직면한 상황에 처해있습니다. 기후 변화, 생물 다양성 감소, 오염 등의 문제가 심각해지고 있습니다. 이에 대처하기 위해 우리는 지속 가능한 삶과 환경 보호에 대한 책임을 져야 합니다.\r\n\r\n첫째, 기후 변화는 현재와 미래의 세대에 큰 영향을 미칩니다. 온실 가스 배출량을 줄이기 위해 신재생 에너지에 투자하고, 친환경적인 교통 수단을 사용하는 등의 선택을 할 수 있습니다. 또한 개인 수준에서 에너지 절약을 실천하고 재활용을 적극적으로 시도하는 등의 노력을 기울일 필요가 있습니다.\r\n\r\n둘째, 생물 다양성은 지구 생태계의 균형을 유지하는 핵심 요소입니다. 산림을 보호하고 나무를 심어 숲을 재생시키는 것은 생물 다양성 증진을 위한 좋은 방법입니다. 또한 글로벌하게 보호되어야 할 자연 공원과 해양 보호구역을 지원하고 보전해야 합니다. 도시화의 영향을 최소화하고 자연 환경을 존중하는 개발 방식을 추구해야 합니다.\r\n\r\n셋째, 환경 오염은 건강과 생명에 직접적인 위협을 줍니다. 대기, 물, 토양 등의 오염을 최소화하기 위해 산업과 생산 과정에서 친환경 기술을 도입해야 합니다. 또한 환경 규제 및 법규 준수를 강화하여 오염 물질 배출을 감소시키는 노력이 필요합니다. 개인적으로는 일회용 플라스틱 사용을 줄이고, 환경 친화적인 대안을 선택하는 것이 중요합니다.\r\n\r\n마지막으로, 환경 보호에 대한 인식과 교육은 변화를 이끌어 내는 중요한 요소입니다. 환경 문제에 대한 이해를 높이고, 지역 사회와 협력하여 환경 보호를 촉진해야 합니다. 또한 환경 교육을 체계적으로 도입하여 다음 세대에 지속 가능한 생활 방식과 환경 책임을 전달해야 합니다.\r\n\r\n환경 문제는 우리 모두에게 관계되어 있는 문제입니다. 우리는 지구의 한 부분일 뿐만 아니라 지구의 향후 상태를 결정하는 주체입니다. 환경을 존중하고 보호하는 노력은 우리 자신과 미래 세대에게 큰 보상을 가져다줄 것입니다. 그래서 우리는 오늘부터 작은 것부터 시작하여 환경을 존중하는 삶의 습관을 형성해야 합니다. 함께 나아가면 우리는 더 건강하고 지속 가능한 지구를 만들 수 있을 것입니다.",
        "created_at": "2023-06-15T17:44:40.396",
        "updated_at": "2023-06-15T17:44:40.396",
        "like_users": [
            4,
            14
        ]
    }
},
{
    "model": "posts.post",
    "pk": 16,
    "fields": {
        "user": 15,
        "title": "'지구의 날', 우리가 지구를 위해 할 수 있는 6가지",
        "content": "‘지구의 날’의 의미는 오늘날까지 우리에게 깊은 울림을 주고 있습니다. 하지만 매해 지구의 날을 맞이할 때마다 과거의 성과나 의미만을 기념하고만 있을 수는 없습니다. 지구의 날은 오늘, 바로 지금 필요한 행동에 대해 다 같이 목소리를 내는 날이 되어야 합니다. 올해 지구의 날에는 여러분 스스로가 가족이나 친구들, 지역사회와 함께 변화를 만들어 보는 것은 어떨까요?\r\n\r\n지구 보호 운동에 동참하고 싶은데 어디서부터 시작해야 할지 막막하신가요? 지금 바로 지구를 위해 할 수 있는 일들을 확인해보세요.\r\n\r\n \r\n\r\n1. 기후위기를 함께 막아주세요.\r\n\r\n2015년 12월, 세계 각국 정상들은 파리기후변화협약 회의에서 지구 온도상승을 1.5℃로 억제하기 위해 ‘화석연료 시대의 종말’의 시작을 의미하는 파리협정을 채택하였습니다. 하지만 우리 모두가 관심을 가지고 실천하지 않는다면 협정만으로는 기후위기 시대의 거대한 재앙을 피하기에 충분하지 않습니다. 각국 정상뿐만 아니라 우리 모두가 석탄, 석유, 천연가스와 같은 화석연료 사용을 중단하고 100% 재생가능에너지를 달성하기 위해 더욱더 힘을 보태야 합니다.\r\n\r\n2. 자원 소비를 줄이세요.\r\n\r\n작년 기준으로 사람들이 사용한 자연 자원을 모두 충당하기 위해서는 1.75개의 지구가 필요하다고 합니다. 우리가 생각 없이 사용하고 버리는 일회용 포장재와 플라스틱은 야생과 해양생태계, 그리고 우리의 건강까지도 해치고 있습니다. 올해, 지구의 날을 맞이하여 일회용품 사용을 줄이고 불필요한 자원의 소비를 줄여보는 것은 어떨까요?\r\n\r\n3. 음식이 어떻게 재배되고, 어디서 왔는지 확인하세요.\r\n\r\n대규모 산업형 농업은 수질 오염을 악화시키고 동물들의 서식지를 파괴하며 우리의 건강을 악화시키고 있습니다. 특히 육류 소비를 위해 가축 생산 과정에서 배출되는 온실가스는 전 세계 모든 트럭, 자동차, 비행기에서 발생되는 온실가스와 비슷한 수준으로 환경에 악영향을 끼치고 있습니다. 하지만 변화는 여러분의 식탁에서부터 시작될 수 있습니다. 육류 섭취를 줄이거나 채식을 선택하는 등 작은 변화부터 시작해 보세요. 기왕이면 지역에서 생산된 식재료를 구매하고, 해산물을 구매할 때는 해양생태계 파괴와 연관이 없는지 확인해 보세요.\r\n\r\n4. 패스트패션(Fast fashion)을 슬로패션(Slow fashion)으로 바꿔주세요.\r\n우리가 구매하는 모든 옷은 생산과정에서부터 폐기되기까지 지구에 많은 악영향을 미칩니다. 패스트 패션은 엄청난 양의 물을 소비할 뿐만 아니라 화학제품을 남용하고, 폐기물을 증가시킵니다. 여러분이 이 악순환을 끊으려면 어떻게 해야 할까요? 패션 디자이너인 비비안 웨스트우드 (Vivienne Westwood)는, “덜 사고, 잘 선택하고, 오래 입으세요.”라고 조언합니다.\r\n\r\n \r\n\r\n5. 지구를 위한 창의성을 발휘해 보세요!\r\n\r\n일회용 포장재 없는 선물 포장, 직접 만드는 마스크 등 환경을 위하면서 동시에 여러분의 창의력을 표현할 수 있는 일들을 찾아보세요. 환경과 관련된 영상이나 애니메이션을 보면서 영감을 받을 수도 있습니다. 여러분의 SNS에 지구의 날, 환경을 위해 어떤 일을 하고 있는지 사진이나 그림, 영상으로 표현하고 공유해보세요.\r\n\r\n \r\n\r\n6. 우리에겐 변화를 만들 힘이 있음을 기억하세요.\r\n\r\n우리의 행동이 우리가 살고 있는 도시와 지역사회, 우리 모두의 삶에 변화를 가져올 수 있다는 점을 기억하세요. ‘지구의 날’이 제정되며 전하고자 했던 주요 메시지는 바로 우리 한 사람 한 사람이 조금 더 나은 지구를 만들 수 있다는 것입니다. \r\n\r\n위의 6가지 방법은 우리가 지구를 위해 할 수 있는 가장 기본적인 일들입니다.\r\n\r\n더 좋은 아이디어가 많으시다고요? 지금 바로 개인 SNS를 통해 친구들과 공유해주세요.  \r\n\r\n행복한 지구의 날을 보내세요!",
        "created_at": "2023-06-15T17:56:30.193",
        "updated_at": "2023-06-15T17:56:30.193",
        "like_users": [
            4,
            14
        ]
    }
},
{
    "model": "posts.post",
    "pk": 17,
    "fields": {
        "user": 14,
        "title": "플라스틱 줄이고 싶은데 조언해주실 분",
        "content": "진짜 플라스틱 정말 안쓰고 싶거든용..!\r\n님들은 안쓰는 비법이 있나요?",
        "created_at": "2023-06-15T21:19:56.208",
        "updated_at": "2023-06-15T21:19:56.208",
        "like_users": []
    }
},
{
    "model": "posts.post",
    "pk": 18,
    "fields": {
        "user": 19,
        "title": "환경과 건강을 동시에 챙기는 '플로깅(줍깅)'이란?",
        "content": "플로깅(plogging)이란?\r\n\r\n플로깅은 ‘이삭을 줍는다’는 뜻인 스웨덴어 plocka upp과 영어 단어 jogging(조깅)이 합쳐져 생긴 합성어입니다.\r\n\r\n이는 조깅하면서 쓰레기를 줍는 행동으로 2016년 스웨덴에서 처음 시작해 북유럽을 중심으로 확산되다가 현재는 국내를 비롯하여 전 세계적인 운동 트렌드로 자리매김하고 있습니다.\r\n\r\n플로깅은 거리에 버려진 쓰레기를 최대한 많이 주우면서 목적지까지 가벼운 조깅으로 가는 것이 목적이기 때문에 조깅하는 시간을 고려하여 필요한 쓰레기봉투와 장갑, 집게 등을 챙겨가는 것이 좋습니다.\r\n\r\nQ. 플로깅과 줍깅 차이는?\r\n\r\n플로깅과 줍깅은 같은 의미를 가지고 있습니다.\r\n\r\n해외에서는 스웨덴어 plocka upp과 영어 단어 jogging(조깅)이 합쳐져 플로깅이라고 부르고, 국내에서는 '줍다'와 '조깅'을 결합한 '줍깅'으로 부르기 때문에 같은 의미이며, 국가적으로 불리는 명칭의 차이라고 보면 됩니다.\r\n\r\n플로깅(plogging), 생겨난 이유는?\r\n\r\n많은 사람들이 환경에 관심을 가지기 시작하면서 시작된 플로깅은 2016년 스웨덴에서 처음으로 시작된 환경운동입니다.\r\n\r\n국내에서는 2018년 한강을 중심으로 줍깅 운동회가 열렸고, 플로깅에 대한 인식이 생기기 시작하면서 점차 확산되었습니다. 플로깅(plogging) 자세는 스쿼트나 런지 운동 자세와 비슷하여 칼로리 소모량이 일반 조깅보다 약 50kcal를 더 소모한다는 연구결과가 발표되기도 했습니다.\r\n\r\n이로 인해 건강과 환경 두 마리 토끼를 잡을 수 있는 플로깅이 2030 세대의 트렌드로 자리 잡게 되었습니다.\r\n\r\nMZ 세대에서 유행하는 플로깅 챌린지\r\n\r\nSNS를 즐겨하는 MZ 세대에서 플로깅 또는 줍깅 챌린지가 유행하고 있습니다.\r\n\r\n챌린지에 참여하는 방법은 본인의 SNS 계정에 조깅 중 쓰레기를 주워 담는 모습 또는 쓰레기를 주워 담은 봉투 등을 인증하면서 #줍깅챌린지 #플로깅챌린지 등의 해시태그로 노출하는 방법입니다.\r\n\r\n챌린지가 유명해지기 시작하면서 현재는 연예인들까지 플로깅 챌린지에 참여하고 있고, 참여한 연예인은 정용진, 신민아, 션, 김혜수, 이시영 등이 있습니다.",
        "created_at": "2023-06-15T21:51:07.091",
        "updated_at": "2023-06-15T21:51:07.091",
        "like_users": []
    }
},
{
    "model": "posts.postimage",
    "pk": 1,
    "fields": {
        "post": 1,
        "image": "post/1/포럼.png"
    }
},
{
    "model": "posts.postimage",
    "pk": 2,
    "fields": {
        "post": 2,
        "image": "post/2/포럼글.jpg"
    }
},
{
    "model": "posts.postimage",
    "pk": 3,
    "fields": {
        "post": 3,
        "image": "post/3/꿀벌.webp"
    }
},
{
    "model": "posts.postimage",
    "pk": 4,
    "fields": {
        "post": 4,
        "image": "post/4/5a71fecf5431c.jpg"
    }
},
{
    "model": "posts.postimage",
    "pk": 5,
    "fields": {
        "post": 5,
        "image": "post/5/1498015_20220202155210_280_0001.jpg"
    }
},
{
    "model": "posts.postimage",
    "pk": 6,
    "fields": {
        "post": 6,
        "image": "post/6/181116_기획재정부지속가능성02.png"
    }
},
{
    "model": "posts.postimage",
    "pk": 7,
    "fields": {
        "post": 7,
        "image": "post/7/trd252tg00240.jpg"
    }
},
{
    "model": "posts.postimage",
    "pk": 8,
    "fields": {
        "post": 8,
        "image": "post/8/대기.jpg"
    }
},
{
    "model": "posts.postimage",
    "pk": 9,
    "fields": {
        "post": 9,
        "image": "post/9/f1.jpg"
    }
},
{
    "model": "posts.postimage",
    "pk": 10,
    "fields": {
        "post": 11,
        "image": "post/11/다운로드.jfif"
    }
},
{
    "model": "posts.postimage",
    "pk": 11,
    "fields": {
        "post": 12,
        "image": "post/12/멸종위기.jpg"
    }
},
{
    "model": "posts.postimage",
    "pk": 12,
    "fields": {
        "post": 5,
        "image": "post/5/posts_back2.jpg"
    }
},
{
    "model": "posts.review",
    "pk": 1,
    "fields": {
        "post": 12,
        "user": 8,
        "title": "사진 속 동물이 굉장히 귀엽네요..",
        "content": "동물의 이름이 무엇인가요?\r\n진짜  planethelper님의 글을 읽으니까, 지구온난화가 얼마나 사람과 동물에게 안 좋은지 알 것 같아요!",
        "created_at": "2023-06-15T17:14:25.317",
        "updated_at": "2023-06-15T17:14:25.317",
        "like_users": [],
        "dislike_users": []
    }
},
{
    "model": "posts.review",
    "pk": 2,
    "fields": {
        "post": 1,
        "user": 8,
        "title": "가정에서 실천하는 환경 보호 방법 잘 읽고 갑니다!!!",
        "content": "좋은 내용인 것 같아요! \r\n저도 이제 막 환경보호에 경각심을 가지고 이 사이트를 찾게 되었는데, 감사합니다~",
        "created_at": "2023-06-15T17:15:24.990",
        "updated_at": "2023-06-15T17:15:24.990",
        "like_users": [],
        "dislike_users": []
    }
},
{
    "model": "posts.review",
    "pk": 3,
    "fields": {
        "post": 14,
        "user": 8,
        "title": "우와! 기발한 발명품이네요!!",
        "content": "환경 보호에 대한 중요성에 대한 관심이 나날이 늘어나는 것 같아 좋은 것 같아요!\r\n저 발명품들도 꼭 한번 사용해보고 싶네요.",
        "created_at": "2023-06-15T17:16:44.740",
        "updated_at": "2023-06-15T17:16:44.740",
        "like_users": [
            10
        ],
        "dislike_users": []
    }
},
{
    "model": "posts.review",
    "pk": 4,
    "fields": {
        "post": 14,
        "user": 10,
        "title": "이런 발명품이...ㅎ",
        "content": "생각지도 못한 발명품들이라 \r\n깜짝깜짝 놀랐네요ㅎㅎ\r\n다음에도 또 이런 내용 공유 해 주세요~",
        "created_at": "2023-06-15T17:24:02.970",
        "updated_at": "2023-06-15T17:24:02.970",
        "like_users": [],
        "dislike_users": []
    }
},
{
    "model": "posts.review",
    "pk": 5,
    "fields": {
        "post": 13,
        "user": 8,
        "title": "일단 님이 플라스틱을 안 쓰면 됩니다.",
        "content": "우리나라는  1인당 1년에 약 19kg의 플라스틱을 소비한다고 하거든요.\r\n완전 플라스틱 늪에 빠져 있습니다.",
        "created_at": "2023-06-15T17:29:12.867",
        "updated_at": "2023-06-15T17:29:12.867",
        "like_users": [],
        "dislike_users": []
    }
},
{
    "model": "posts.review",
    "pk": 6,
    "fields": {
        "post": 8,
        "user": 14,
        "title": "마스크 쓰세요",
        "content": "어쩔 수 없어요",
        "created_at": "2023-06-15T21:20:56.395",
        "updated_at": "2023-06-15T21:20:56.395",
        "like_users": [],
        "dislike_users": [
            14
        ]
    }
},
{
    "model": "posts.review",
    "pk": 7,
    "fields": {
        "post": 16,
        "user": 14,
        "title": "우와 지구의 날!!",
        "content": "올해 지구의 날은 놓쳤는데, 내년은 꼭 도전합니다!!!11",
        "created_at": "2023-06-15T21:21:52.012",
        "updated_at": "2023-06-15T21:21:52.013",
        "like_users": [],
        "dislike_users": []
    }
},
{
    "model": "posts.zero",
    "pk": 1,
    "fields": {
        "name": "1.5도씨",
        "address": "서울 관악구 조원로18길 15 103호",
        "region": "서울",
        "phone_number": "010-9201-9173"
    }
},
{
    "model": "posts.zero",
    "pk": 2,
    "fields": {
        "name": "30밀리스토어 서울숲",
        "address": "서울 성동구 왕십리로4길 26-14 지하 1층",
        "region": "서울",
        "phone_number": "070-7585-7080"
    }
},
{
    "model": "posts.zero",
    "pk": 3,
    "fields": {
        "name": "제로웨이스트 공방 꽃삼월",
        "address": "서울 동대문구 답십리로30길 22-1 1층",
        "region": "서울",
        "phone_number": "0507-1380-5365"
    }
},
{
    "model": "posts.zero",
    "pk": 4,
    "fields": {
        "name": "대안생활 숨",
        "address": "서울 강동구 상암로3길 24",
        "region": "서울",
        "phone_number": ""
    }
},
{
    "model": "posts.zero",
    "pk": 5,
    "fields": {
        "name": "지구랑가게",
        "address": "서울 노원구 광운로 53 1층 3호",
        "region": "서울",
        "phone_number": "070-7585-7991"
    }
},
{
    "model": "posts.zero",
    "pk": 6,
    "fields": {
        "name": "산두로상점",
        "address": "경기 고양시 일산동구 산두로109번길 32 1층",
        "region": "경기",
        "phone_number": ""
    }
},
{
    "model": "posts.zero",
    "pk": 7,
    "fields": {
        "name": "포레슈",
        "address": "경기 김포시 태장로 741 621호",
        "region": "경기",
        "phone_number": "1833-3734"
    }
},
{
    "model": "posts.zero",
    "pk": 8,
    "fields": {
        "name": "용기내 담아가게",
        "address": "경기 남양주시 와부읍 덕소로97번길 9 일신프라자 1층 109호",
        "region": "경기",
        "phone_number": "010-2532-2040"
    }
},
{
    "model": "posts.zero",
    "pk": 9,
    "fields": {
        "name": "가치상점",
        "address": "경기 수원시 권선구 세권로 140 지하1층",
        "region": "경기",
        "phone_number": "0507-1340-8781"
    }
},
{
    "model": "posts.zero",
    "pk": 10,
    "fields": {
        "name": "제자리로",
        "address": "인천 미추홀구 소성로 183-17 한진빌딩 5층 502호",
        "region": "인천",
        "phone_number": "0507-1391-7440"
    }
},
{
    "model": "posts.zero",
    "pk": 11,
    "fields": {
        "name": "내일상회",
        "address": "강원 강릉시 용지로96번길 25-1",
        "region": "강원",
        "phone_number": ""
    }
},
{
    "model": "posts.zero",
    "pk": 12,
    "fields": {
        "name": "에르마나스이너피스",
        "address": "강원 원주시 남원로469번길 14-2 1층 101호",
        "region": "강원",
        "phone_number": "010-4650-5230"
    }
},
{
    "model": "posts.zero",
    "pk": 13,
    "fields": {
        "name": "요선당",
        "address": "강원 춘천시 서부대성로44번길 10-21 1층",
        "region": "강원",
        "phone_number": ""
    }
},
{
    "model": "posts.zero",
    "pk": 14,
    "fields": {
        "name": "냉이",
        "address": "충남 논산시 계백로1062번길 7-2 102호",
        "region": "충남",
        "phone_number": "010-2724-1409"
    }
},
{
    "model": "posts.zero",
    "pk": 15,
    "fields": {
        "name": "마카네이처",
        "address": "충남 태안군 태안읍 후곡로 121",
        "region": "충남",
        "phone_number": ""
    }
},
{
    "model": "posts.zero",
    "pk": 16,
    "fields": {
        "name": "싱글룸",
        "address": "충북 청주시 상당구 중고개로141번길 14-2 1층",
        "region": "충북",
        "phone_number": "043-293-2581"
    }
},
{
    "model": "posts.zero",
    "pk": 17,
    "fields": {
        "name": "은영상점",
        "address": "대전 유성구 대학로 197-1 1층",
        "region": "대전",
        "phone_number": ""
    }
},
{
    "model": "posts.zero",
    "pk": 18,
    "fields": {
        "name": "초록별상점",
        "address": "경북 구미시 인동가산로 337-7 상가 101호",
        "region": "경북",
        "phone_number": "0507-1346-1214"
    }
},
{
    "model": "posts.zero",
    "pk": 19,
    "fields": {
        "name": "안녕지구야상점",
        "address": "경남 김해시 대청로26번안길 17-1 102호",
        "region": "경남",
        "phone_number": "010-8285-6145"
    }
},
{
    "model": "posts.zero",
    "pk": 20,
    "fields": {
        "name": "마리앤하우스",
        "address": "경남 창원시 마산합포구 3.15대로 53-1 1층",
        "region": "경남",
        "phone_number": "0507-1375-6229"
    }
},
{
    "model": "posts.zero",
    "pk": 21,
    "fields": {
        "name": "늘미곡",
        "address": "전북 전주시 완산구 선너머로 16",
        "region": "전북",
        "phone_number": "070-4240-0225"
    }
},
{
    "model": "posts.zero",
    "pk": 22,
    "fields": {
        "name": "지구상점",
        "address": "전남 나주시 그린로 229",
        "region": "전남",
        "phone_number": "061-335-3123"
    }
},
{
    "model": "posts.zero",
    "pk": 23,
    "fields": {
        "name": "제로웨이스트샵 예쓰 ",
        "address": "대구 수성구 달구벌대로627길 6-11 1층",
        "region": "대구",
        "phone_number": "053-791-0422"
    }
},
{
    "model": "posts.zero",
    "pk": 24,
    "fields": {
        "name": "지구숲",
        "address": "부산 북구 산성로12번길 21 무사이 서점",
        "region": "부산",
        "phone_number": "051-362-7004"
    }
},
{
    "model": "posts.zero",
    "pk": 25,
    "fields": {
        "name": "제로웨이스트상점 지구맑음",
        "address": "울산 남구 삼산중로74번길 30 지하 1층",
        "region": "울산",
        "phone_number": "010-2507-1421"
    }
},
{
    "model": "posts.zero",
    "pk": 26,
    "fields": {
        "name": "지구별가게",
        "address": "제주특별자치도 제주시 월랑로 58 1층",
        "region": "제주특별자치도",
        "phone_number": "064-711-8291"
    }
},
{
    "model": "stores.store",
    "pk": 1,
    "fields": {
        "user": 6,
        "name": "SOWHAT",
        "content": "지속가능한 소재에 가치를 불어넣는 슬로우 패션 브랜드",
        "image": "stores/SOWHAT/sowhat.jpg",
        "main_image": "stores/SOWHAT/쏘왓_배너.jpg"
    }
},
{
    "model": "stores.store",
    "pk": 2,
    "fields": {
        "user": 5,
        "name": "플레이31",
        "content": "지구를 지키는 놀이와 장난감을 디자인하는 브랜드",
        "image": "stores/플레이31/PLAY31.jpg",
        "main_image": "stores/플레이31/PLAY31b.jpg"
    }
},
{
    "model": "stores.store",
    "pk": 3,
    "fields": {
        "user": 6,
        "name": "큐클리프",
        "content": "사용이 끝난 자원을 활용하는 지속가능한 패션 브랜드",
        "image": "stores/큐클리프/큐클리프.jpg",
        "main_image": "stores/큐클리프/큐클리프_배너.jpg"
    }
},
{
    "model": "stores.store",
    "pk": 4,
    "fields": {
        "user": 6,
        "name": "키리",
        "content": "퓨쳐리스틱한 디자인의 친환경 액세서리 브랜드",
        "image": "stores/키리/키리.jpg",
        "main_image": "stores/키리/키리_배너.jpg"
    }
},
{
    "model": "stores.store",
    "pk": 5,
    "fields": {
        "user": 6,
        "name": "톤 28",
        "content": "사람과 환경을 위해 꾸밈 없이 최고의 재료를 담은 바를거리",
        "image": "stores/톤 28/톤.jpg",
        "main_image": "stores/톤 28/톤_배너.jpg"
    }
},
{
    "model": "stores.store",
    "pk": 6,
    "fields": {
        "user": 6,
        "name": "모어포모레",
        "content": "환경문제 해결 적극적으로 기여하는 모레상점 기부 프로젝트",
        "image": "stores/모어포모레/모어포모레.jpg",
        "main_image": "stores/모어포모레/모어.jpg"
    }
},
{
    "model": "stores.store",
    "pk": 7,
    "fields": {
        "user": 6,
        "name": "져스트프로젝트",
        "content": "버려진 쓰레기로 세상 하나뿐인 일상의 물건을 만드는 브랜드",
        "image": "stores/져스트프로젝트/Justproject_thumb.jpg",
        "main_image": "stores/져스트프로젝트/Justproject_PC.jpg"
    }
},
{
    "model": "stores.store",
    "pk": 8,
    "fields": {
        "user": 15,
        "name": "노플라스틱선데이",
        "content": "버려지는 플라스틱을 재활용하여 새로운 가치를 만드는 브랜드",
        "image": "stores/노플라스틱선데이/노플라스틱.png",
        "main_image": "stores/노플라스틱선데이/노플라스틱선데이_배너.jpg"
    }
},
{
    "model": "stores.store",
    "pk": 9,
    "fields": {
        "user": 6,
        "name": "아로마티카",
        "content": "피부도 살리고 지구도 살리는 클린 비건 뷰티 브랜드",
        "image": "stores/아로마티카/preview.jpg",
        "main_image": "stores/아로마티카/PC.jpg"
    }
},
{
    "model": "stores.product",
    "pk": 2,
    "fields": {
        "store": 1,
        "name": "선인장 지갑 (3 colors)",
        "content": ".",
        "price": 64000,
        "rating": "4.5",
        "category": "잡화",
        "detail_image": "stores/SOWHAT/선인장 지갑 (3 colors)/쏘왓디테일2.jpg",
        "like_users": [
            15,
            16,
            19
        ]
    }
},
{
    "model": "stores.product",
    "pk": 3,
    "fields": {
        "store": 2,
        "name": "개체수가 작지만 중요한 우리",
        "content": "개체수가 작지만 중요한 우리",
        "price": 15000,
        "rating": "4.8",
        "category": "기타",
        "detail_image": "stores/플레이31/개체수가 작지만 중요한 우리/개체수가_작지만_중요한_우리d.jpg",
        "like_users": [
            19
        ]
    }
},
{
    "model": "stores.product",
    "pk": 4,
    "fields": {
        "store": 3,
        "name": "투포켓백 H",
        "content": ".",
        "price": 64000,
        "rating": "4.2",
        "category": "잡화",
        "detail_image": "stores/큐클리프/투포켓백 H/큐클리프_디테일.jpg",
        "like_users": []
    }
},
{
    "model": "stores.product",
    "pk": 5,
    "fields": {
        "store": 4,
        "name": "PAGES 다크그린 하운지 크로스백",
        "content": ".",
        "price": 260000,
        "rating": "3.8",
        "category": "잡화",
        "detail_image": "stores/키리/PAGES 다크그린 하운지 크로스백/키리_디테일.jpg",
        "like_users": []
    }
},
{
    "model": "stores.product",
    "pk": 7,
    "fields": {
        "store": 5,
        "name": "H1+  손 바를거리",
        "content": ".",
        "price": 14940,
        "rating": "4.8",
        "category": "미용",
        "detail_image": "stores/톤 28/H1+  손 바를거리/톤_디테일.jpg",
        "like_users": []
    }
},
{
    "model": "stores.product",
    "pk": 8,
    "fields": {
        "store": 1,
        "name": "미니 슬링백 돌핀백",
        "content": ".",
        "price": 79000,
        "rating": "3.7",
        "category": "잡화",
        "detail_image": "stores/SOWHAT/미니 슬링백 돌핀백/돌핀백_디테일.webp",
        "like_users": [
            16
        ]
    }
},
{
    "model": "stores.product",
    "pk": 9,
    "fields": {
        "store": 2,
        "name": "지구를 짜요",
        "content": ".",
        "price": 12000,
        "rating": "4.3",
        "category": "기타",
        "detail_image": "stores/플레이31/지구를 짜요/지구를_짜요_디테일.jpg",
        "like_users": [
            14,
            15,
            16
        ]
    }
},
{
    "model": "stores.product",
    "pk": 10,
    "fields": {
        "store": 3,
        "name": "organic good - natured 맨투맨 WH",
        "content": ".",
        "price": 58500,
        "rating": "3.3",
        "category": "의류",
        "detail_image": "stores/큐클리프/organic good - natured 맨투맨 WH/맨투맨_디테일.jpg",
        "like_users": []
    }
},
{
    "model": "stores.product",
    "pk": 11,
    "fields": {
        "store": 6,
        "name": "고체바 & 숲 키링 세트",
        "content": "고체바 & 숲 키링 세트",
        "price": 18000,
        "rating": "4.5",
        "category": "미용",
        "detail_image": "stores/모어포모레/고체바 & 숲 키링 세트/detail_page.jpg",
        "like_users": [
            8,
            11,
            19
        ]
    }
},
{
    "model": "stores.product",
    "pk": 13,
    "fields": {
        "store": 5,
        "name": "C01 비 - 이온 클렌징 워터 500ml",
        "content": ".",
        "price": 32000,
        "rating": "4.7",
        "category": "미용",
        "detail_image": "stores/톤 28/C01 비 - 이온 클렌징 워터 500ml/클렌징워터_디테일.jpg",
        "like_users": [
            8,
            11
        ]
    }
},
{
    "model": "stores.product",
    "pk": 14,
    "fields": {
        "store": 6,
        "name": "미르 와이드마우스 텀블러 16oz",
        "content": "미르 와이드마우스 텀블러 16oz",
        "price": 36000,
        "rating": "4.7",
        "category": "잡화",
        "detail_image": "stores/모어포모레/미르 와이드마우스 텀블러 16oz/detail.jpg",
        "like_users": []
    }
},
{
    "model": "stores.product",
    "pk": 15,
    "fields": {
        "store": 4,
        "name": "HARAWAY 씨엘 코르크 카드지갑",
        "content": ".",
        "price": 140000,
        "rating": "0.0",
        "category": "잡화",
        "detail_image": "stores/키리/HARAWAY 씨엘 코르크 카드지갑/카드지갑_디테일.jpg",
        "like_users": [
            19
        ]
    }
},
{
    "model": "stores.product",
    "pk": 16,
    "fields": {
        "store": 2,
        "name": "도도리 dodori",
        "content": "도도리 dodori",
        "price": 15000,
        "rating": "5.0",
        "category": "기타",
        "detail_image": "stores/플레이31/도도리 dodori/도도리d.jpg",
        "like_users": [
            16
        ]
    }
},
{
    "model": "stores.product",
    "pk": 18,
    "fields": {
        "store": 7,
        "name": "F02 파우치 Only Edition (12종)",
        "content": "F02 파우치 Only Edition (12종)",
        "price": 38000,
        "rating": "0.0",
        "category": "잡화",
        "detail_image": "stores/져스트프로젝트/F02 파우치 Only Edition (12종)/6.jpg",
        "like_users": []
    }
},
{
    "model": "stores.product",
    "pk": 19,
    "fields": {
        "store": 8,
        "name": "튜브 짜개",
        "content": ".",
        "price": 4000,
        "rating": "0.0",
        "category": "기타",
        "detail_image": "stores/노플라스틱선데이/튜브 짜개/튜브_디테일.jpg",
        "like_users": []
    }
},
{
    "model": "stores.product",
    "pk": 20,
    "fields": {
        "store": 8,
        "name": "숲 키링 (랜덤박스)",
        "content": ".",
        "price": 7000,
        "rating": "0.0",
        "category": "기타",
        "detail_image": "stores/노플라스틱선데이/숲 키링 (랜덤박스)/랜덤_디테일.png",
        "like_users": [
            14
        ]
    }
},
{
    "model": "stores.product",
    "pk": 21,
    "fields": {
        "store": 8,
        "name": "칫솔 꽂이",
        "content": ".",
        "price": 5000,
        "rating": "0.0",
        "category": "기타",
        "detail_image": "stores/노플라스틱선데이/칫솔 꽂이/칫솔_디테일.jpg",
        "like_users": []
    }
},
{
    "model": "stores.product",
    "pk": 22,
    "fields": {
        "store": 7,
        "name": "IWT 4steps - 솔리드 컬러 (6종)",
        "content": "IWT 4steps - 솔리드 컬러 (6종)",
        "price": 83000,
        "rating": "0.0",
        "category": "의류",
        "detail_image": "stores/져스트프로젝트/IWT 4steps - 솔리드 컬러 (6종)/7.jpg",
        "like_users": []
    }
},
{
    "model": "stores.product",
    "pk": 23,
    "fields": {
        "store": 9,
        "name": "서렌 바디오일 라벤더&마조람 100ml",
        "content": "서렌 바디오일 라벤더&마조람 100ml",
        "price": 18000,
        "rating": "5.0",
        "category": "미용",
        "detail_image": "stores/아로마티카/서렌 바디오일 라벤더&마조람 100ml/5.jpg",
        "like_users": [
            19
        ]
    }
},
{
    "model": "stores.product",
    "pk": 24,
    "fields": {
        "store": 9,
        "name": "티트리 밸런싱 토너 200ml",
        "content": "티트리 밸런싱 토너 200ml",
        "price": 19000,
        "rating": "4.0",
        "category": "미용",
        "detail_image": "stores/아로마티카/티트리 밸런싱 토너 200ml/5.jpg",
        "like_users": []
    }
},
{
    "model": "stores.product",
    "pk": 25,
    "fields": {
        "store": 9,
        "name": "티트리 퓨리파잉 샴푸 400ml",
        "content": "티트리 퓨리파잉 샴푸 400ml",
        "price": 18000,
        "rating": "4.0",
        "category": "미용",
        "detail_image": "stores/아로마티카/티트리 퓨리파잉 샴푸 400ml/2.jpg",
        "like_users": []
    }
},
{
    "model": "stores.productimage",
    "pk": 5,
    "fields": {
        "product": 2,
        "image": "stores/SOWHAT/선인장 지갑 (3 colors)/쏘왓1_oLc7baO.jpg"
    }
},
{
    "model": "stores.productimage",
    "pk": 6,
    "fields": {
        "product": 2,
        "image": "stores/SOWHAT/선인장 지갑 (3 colors)/쏘왓2_ncGDumv.jpg"
    }
},
{
    "model": "stores.productimage",
    "pk": 7,
    "fields": {
        "product": 2,
        "image": "stores/SOWHAT/선인장 지갑 (3 colors)/쏘왓3_MDwW5q4.jpg"
    }
},
{
    "model": "stores.productimage",
    "pk": 8,
    "fields": {
        "product": 2,
        "image": "stores/SOWHAT/선인장 지갑 (3 colors)/쏘왓4_uLIfZki.jpg"
    }
},
{
    "model": "stores.productimage",
    "pk": 9,
    "fields": {
        "product": 3,
        "image": "stores/플레이31/개체수가 작지만 중요한 우리/개체수가_작지만_중요한_우리1.jpg"
    }
},
{
    "model": "stores.productimage",
    "pk": 10,
    "fields": {
        "product": 3,
        "image": "stores/플레이31/개체수가 작지만 중요한 우리/개체수가_작지만_중요한_우리2.jpg"
    }
},
{
    "model": "stores.productimage",
    "pk": 11,
    "fields": {
        "product": 3,
        "image": "stores/플레이31/개체수가 작지만 중요한 우리/개체수가_작지만_중요한_우리3.jpg"
    }
},
{
    "model": "stores.productimage",
    "pk": 12,
    "fields": {
        "product": 3,
        "image": "stores/플레이31/개체수가 작지만 중요한 우리/개체수가_작지만_중요한_우리4.jpg"
    }
},
{
    "model": "stores.productimage",
    "pk": 13,
    "fields": {
        "product": 3,
        "image": "stores/플레이31/개체수가 작지만 중요한 우리/개체수가_작지만_중요한_우리5.jpg"
    }
},
{
    "model": "stores.productimage",
    "pk": 14,
    "fields": {
        "product": 4,
        "image": "stores/큐클리프/투포켓백 H/큐클리프1.jpg"
    }
},
{
    "model": "stores.productimage",
    "pk": 15,
    "fields": {
        "product": 4,
        "image": "stores/큐클리프/투포켓백 H/큐클리프2.jpg"
    }
},
{
    "model": "stores.productimage",
    "pk": 16,
    "fields": {
        "product": 4,
        "image": "stores/큐클리프/투포켓백 H/큐클리프3.jpg"
    }
},
{
    "model": "stores.productimage",
    "pk": 17,
    "fields": {
        "product": 4,
        "image": "stores/큐클리프/투포켓백 H/큐클리프4.jpg"
    }
},
{
    "model": "stores.productimage",
    "pk": 18,
    "fields": {
        "product": 5,
        "image": "stores/키리/PAGES 다크그린 하운지 크로스백/키리1.jpg"
    }
},
{
    "model": "stores.productimage",
    "pk": 19,
    "fields": {
        "product": 5,
        "image": "stores/키리/PAGES 다크그린 하운지 크로스백/키리2.jpg"
    }
},
{
    "model": "stores.productimage",
    "pk": 20,
    "fields": {
        "product": 5,
        "image": "stores/키리/PAGES 다크그린 하운지 크로스백/키리3.jpg"
    }
},
{
    "model": "stores.productimage",
    "pk": 21,
    "fields": {
        "product": 5,
        "image": "stores/키리/PAGES 다크그린 하운지 크로스백/키리4.jpg"
    }
},
{
    "model": "stores.productimage",
    "pk": 22,
    "fields": {
        "product": 5,
        "image": "stores/키리/PAGES 다크그린 하운지 크로스백/키리5.jpg"
    }
},
{
    "model": "stores.productimage",
    "pk": 29,
    "fields": {
        "product": 7,
        "image": "stores/톤 28/H1+  손 바를거리/톤1.jpg"
    }
},
{
    "model": "stores.productimage",
    "pk": 30,
    "fields": {
        "product": 7,
        "image": "stores/톤 28/H1+  손 바를거리/톤2.jpg"
    }
},
{
    "model": "stores.productimage",
    "pk": 31,
    "fields": {
        "product": 7,
        "image": "stores/톤 28/H1+  손 바를거리/톤3.jpg"
    }
},
{
    "model": "stores.productimage",
    "pk": 32,
    "fields": {
        "product": 7,
        "image": "stores/톤 28/H1+  손 바를거리/톤4.jpg"
    }
},
{
    "model": "stores.productimage",
    "pk": 33,
    "fields": {
        "product": 7,
        "image": "stores/톤 28/H1+  손 바를거리/톤5.jpg"
    }
},
{
    "model": "stores.productimage",
    "pk": 34,
    "fields": {
        "product": 7,
        "image": "stores/톤 28/H1+  손 바를거리/톤6.jpg"
    }
},
{
    "model": "stores.productimage",
    "pk": 35,
    "fields": {
        "product": 8,
        "image": "stores/SOWHAT/미니 슬링백 돌핀백/돌핀백1.jpeg"
    }
},
{
    "model": "stores.productimage",
    "pk": 36,
    "fields": {
        "product": 8,
        "image": "stores/SOWHAT/미니 슬링백 돌핀백/돌핀백2.jpeg"
    }
},
{
    "model": "stores.productimage",
    "pk": 37,
    "fields": {
        "product": 8,
        "image": "stores/SOWHAT/미니 슬링백 돌핀백/돌핀백3.jpeg"
    }
},
{
    "model": "stores.productimage",
    "pk": 38,
    "fields": {
        "product": 8,
        "image": "stores/SOWHAT/미니 슬링백 돌핀백/돌핀백4.jpeg"
    }
},
{
    "model": "stores.productimage",
    "pk": 39,
    "fields": {
        "product": 8,
        "image": "stores/SOWHAT/미니 슬링백 돌핀백/돌핀백5.jpeg"
    }
},
{
    "model": "stores.productimage",
    "pk": 40,
    "fields": {
        "product": 9,
        "image": "stores/플레이31/지구를 짜요/지구를_짜요1.jpg"
    }
},
{
    "model": "stores.productimage",
    "pk": 41,
    "fields": {
        "product": 9,
        "image": "stores/플레이31/지구를 짜요/지구를_짜요2.jpg"
    }
},
{
    "model": "stores.productimage",
    "pk": 42,
    "fields": {
        "product": 9,
        "image": "stores/플레이31/지구를 짜요/지구를_짜요3.jpg"
    }
},
{
    "model": "stores.productimage",
    "pk": 43,
    "fields": {
        "product": 9,
        "image": "stores/플레이31/지구를 짜요/지구를_짜요4.jpg"
    }
},
{
    "model": "stores.productimage",
    "pk": 44,
    "fields": {
        "product": 9,
        "image": "stores/플레이31/지구를 짜요/지구를_짜요5.jpg"
    }
},
{
    "model": "stores.productimage",
    "pk": 45,
    "fields": {
        "product": 10,
        "image": "stores/큐클리프/organic good - natured 맨투맨 WH/맨투맨1.jpg"
    }
},
{
    "model": "stores.productimage",
    "pk": 46,
    "fields": {
        "product": 10,
        "image": "stores/큐클리프/organic good - natured 맨투맨 WH/맨투맨2.jpg"
    }
},
{
    "model": "stores.productimage",
    "pk": 47,
    "fields": {
        "product": 10,
        "image": "stores/큐클리프/organic good - natured 맨투맨 WH/맨투맨3.jpg"
    }
},
{
    "model": "stores.productimage",
    "pk": 48,
    "fields": {
        "product": 10,
        "image": "stores/큐클리프/organic good - natured 맨투맨 WH/맨투맨4.jpg"
    }
},
{
    "model": "stores.productimage",
    "pk": 49,
    "fields": {
        "product": 10,
        "image": "stores/큐클리프/organic good - natured 맨투맨 WH/맨투맨5.jpg"
    }
},
{
    "model": "stores.productimage",
    "pk": 50,
    "fields": {
        "product": 10,
        "image": "stores/큐클리프/organic good - natured 맨투맨 WH/맨투맨6.jpg"
    }
},
{
    "model": "stores.productimage",
    "pk": 51,
    "fields": {
        "product": 11,
        "image": "stores/모어포모레/고체바 & 숲 키링 세트/1.jpg"
    }
},
{
    "model": "stores.productimage",
    "pk": 52,
    "fields": {
        "product": 11,
        "image": "stores/모어포모레/고체바 & 숲 키링 세트/2.jpg"
    }
},
{
    "model": "stores.productimage",
    "pk": 53,
    "fields": {
        "product": 11,
        "image": "stores/모어포모레/고체바 & 숲 키링 세트/3.jpg"
    }
},
{
    "model": "stores.productimage",
    "pk": 54,
    "fields": {
        "product": 11,
        "image": "stores/모어포모레/고체바 & 숲 키링 세트/4.jpg"
    }
},
{
    "model": "stores.productimage",
    "pk": 55,
    "fields": {
        "product": 11,
        "image": "stores/모어포모레/고체바 & 숲 키링 세트/5.jpg"
    }
},
{
    "model": "stores.productimage",
    "pk": 61,
    "fields": {
        "product": 13,
        "image": "stores/톤 28/C01 비 - 이온 클렌징 워터 500ml/클렌징워터.jpg"
    }
},
{
    "model": "stores.productimage",
    "pk": 62,
    "fields": {
        "product": 14,
        "image": "stores/모어포모레/미르 와이드마우스 텀블러 16oz/1.jpg"
    }
},
{
    "model": "stores.productimage",
    "pk": 63,
    "fields": {
        "product": 14,
        "image": "stores/모어포모레/미르 와이드마우스 텀블러 16oz/2.jpg"
    }
},
{
    "model": "stores.productimage",
    "pk": 64,
    "fields": {
        "product": 14,
        "image": "stores/모어포모레/미르 와이드마우스 텀블러 16oz/3.jpg"
    }
},
{
    "model": "stores.productimage",
    "pk": 65,
    "fields": {
        "product": 14,
        "image": "stores/모어포모레/미르 와이드마우스 텀블러 16oz/4.jpg"
    }
},
{
    "model": "stores.productimage",
    "pk": 66,
    "fields": {
        "product": 14,
        "image": "stores/모어포모레/미르 와이드마우스 텀블러 16oz/5.jpg"
    }
},
{
    "model": "stores.productimage",
    "pk": 67,
    "fields": {
        "product": 15,
        "image": "stores/키리/HARAWAY 씨엘 코르크 카드지갑/카드지갑1.jpg"
    }
},
{
    "model": "stores.productimage",
    "pk": 68,
    "fields": {
        "product": 15,
        "image": "stores/키리/HARAWAY 씨엘 코르크 카드지갑/카드지갑2.jpg"
    }
},
{
    "model": "stores.productimage",
    "pk": 69,
    "fields": {
        "product": 15,
        "image": "stores/키리/HARAWAY 씨엘 코르크 카드지갑/카드지갑3.jpg"
    }
},
{
    "model": "stores.productimage",
    "pk": 70,
    "fields": {
        "product": 15,
        "image": "stores/키리/HARAWAY 씨엘 코르크 카드지갑/카드지갑4.jpg"
    }
},
{
    "model": "stores.productimage",
    "pk": 71,
    "fields": {
        "product": 15,
        "image": "stores/키리/HARAWAY 씨엘 코르크 카드지갑/카드지갑5.jpg"
    }
},
{
    "model": "stores.productimage",
    "pk": 72,
    "fields": {
        "product": 16,
        "image": "stores/플레이31/도도리 dodori/도도리1.jpg"
    }
},
{
    "model": "stores.productimage",
    "pk": 73,
    "fields": {
        "product": 16,
        "image": "stores/플레이31/도도리 dodori/도도리2.jpg"
    }
},
{
    "model": "stores.productimage",
    "pk": 74,
    "fields": {
        "product": 16,
        "image": "stores/플레이31/도도리 dodori/도도리3.jpg"
    }
},
{
    "model": "stores.productimage",
    "pk": 75,
    "fields": {
        "product": 16,
        "image": "stores/플레이31/도도리 dodori/도도리4.jpg"
    }
},
{
    "model": "stores.productimage",
    "pk": 76,
    "fields": {
        "product": 16,
        "image": "stores/플레이31/도도리 dodori/도도리5.jpg"
    }
},
{
    "model": "stores.productimage",
    "pk": 77,
    "fields": {
        "product": 16,
        "image": "stores/플레이31/도도리 dodori/도도리6.jpg"
    }
},
{
    "model": "stores.productimage",
    "pk": 78,
    "fields": {
        "product": 16,
        "image": "stores/플레이31/도도리 dodori/도도리7.jpg"
    }
},
{
    "model": "stores.productimage",
    "pk": 86,
    "fields": {
        "product": 18,
        "image": "stores/져스트프로젝트/F02 파우치 Only Edition (12종)/1.jpg"
    }
},
{
    "model": "stores.productimage",
    "pk": 87,
    "fields": {
        "product": 18,
        "image": "stores/져스트프로젝트/F02 파우치 Only Edition (12종)/2.jpg"
    }
},
{
    "model": "stores.productimage",
    "pk": 88,
    "fields": {
        "product": 18,
        "image": "stores/져스트프로젝트/F02 파우치 Only Edition (12종)/3.jpg"
    }
},
{
    "model": "stores.productimage",
    "pk": 89,
    "fields": {
        "product": 18,
        "image": "stores/져스트프로젝트/F02 파우치 Only Edition (12종)/4.jpg"
    }
},
{
    "model": "stores.productimage",
    "pk": 90,
    "fields": {
        "product": 18,
        "image": "stores/져스트프로젝트/F02 파우치 Only Edition (12종)/5.jpg"
    }
},
{
    "model": "stores.productimage",
    "pk": 91,
    "fields": {
        "product": 19,
        "image": "stores/노플라스틱선데이/튜브 짜개/튜브1.jpg"
    }
},
{
    "model": "stores.productimage",
    "pk": 92,
    "fields": {
        "product": 19,
        "image": "stores/노플라스틱선데이/튜브 짜개/튜브2.jpg"
    }
},
{
    "model": "stores.productimage",
    "pk": 93,
    "fields": {
        "product": 19,
        "image": "stores/노플라스틱선데이/튜브 짜개/튜브3.jpg"
    }
},
{
    "model": "stores.productimage",
    "pk": 94,
    "fields": {
        "product": 19,
        "image": "stores/노플라스틱선데이/튜브 짜개/튜브4.jpg"
    }
},
{
    "model": "stores.productimage",
    "pk": 95,
    "fields": {
        "product": 20,
        "image": "stores/노플라스틱선데이/숲 키링 (랜덤박스)/랜덤1.jpg"
    }
},
{
    "model": "stores.productimage",
    "pk": 96,
    "fields": {
        "product": 20,
        "image": "stores/노플라스틱선데이/숲 키링 (랜덤박스)/랜덤2.jpg"
    }
},
{
    "model": "stores.productimage",
    "pk": 97,
    "fields": {
        "product": 20,
        "image": "stores/노플라스틱선데이/숲 키링 (랜덤박스)/랜덤3.jpg"
    }
},
{
    "model": "stores.productimage",
    "pk": 98,
    "fields": {
        "product": 21,
        "image": "stores/노플라스틱선데이/칫솔 꽂이/칫솔1.jpg"
    }
},
{
    "model": "stores.productimage",
    "pk": 99,
    "fields": {
        "product": 21,
        "image": "stores/노플라스틱선데이/칫솔 꽂이/칫솔2.jpg"
    }
},
{
    "model": "stores.productimage",
    "pk": 100,
    "fields": {
        "product": 21,
        "image": "stores/노플라스틱선데이/칫솔 꽂이/칫솔3.jpg"
    }
},
{
    "model": "stores.productimage",
    "pk": 101,
    "fields": {
        "product": 21,
        "image": "stores/노플라스틱선데이/칫솔 꽂이/칫솔4.jpg"
    }
},
{
    "model": "stores.productimage",
    "pk": 102,
    "fields": {
        "product": 21,
        "image": "stores/노플라스틱선데이/칫솔 꽂이/칫솔5.jpg"
    }
},
{
    "model": "stores.productimage",
    "pk": 103,
    "fields": {
        "product": 22,
        "image": "stores/져스트프로젝트/IWT 4steps - 솔리드 컬러 (6종)/1.jpg"
    }
},
{
    "model": "stores.productimage",
    "pk": 104,
    "fields": {
        "product": 22,
        "image": "stores/져스트프로젝트/IWT 4steps - 솔리드 컬러 (6종)/2.png"
    }
},
{
    "model": "stores.productimage",
    "pk": 105,
    "fields": {
        "product": 22,
        "image": "stores/져스트프로젝트/IWT 4steps - 솔리드 컬러 (6종)/3.png"
    }
},
{
    "model": "stores.productimage",
    "pk": 106,
    "fields": {
        "product": 22,
        "image": "stores/져스트프로젝트/IWT 4steps - 솔리드 컬러 (6종)/4.png"
    }
},
{
    "model": "stores.productimage",
    "pk": 107,
    "fields": {
        "product": 22,
        "image": "stores/져스트프로젝트/IWT 4steps - 솔리드 컬러 (6종)/5.png"
    }
},
{
    "model": "stores.productimage",
    "pk": 108,
    "fields": {
        "product": 22,
        "image": "stores/져스트프로젝트/IWT 4steps - 솔리드 컬러 (6종)/6.png"
    }
},
{
    "model": "stores.productimage",
    "pk": 109,
    "fields": {
        "product": 23,
        "image": "stores/아로마티카/서렌 바디오일 라벤더&마조람 100ml/1.jpg"
    }
},
{
    "model": "stores.productimage",
    "pk": 110,
    "fields": {
        "product": 23,
        "image": "stores/아로마티카/서렌 바디오일 라벤더&마조람 100ml/2.jpg"
    }
},
{
    "model": "stores.productimage",
    "pk": 111,
    "fields": {
        "product": 23,
        "image": "stores/아로마티카/서렌 바디오일 라벤더&마조람 100ml/3.jpg"
    }
},
{
    "model": "stores.productimage",
    "pk": 112,
    "fields": {
        "product": 23,
        "image": "stores/아로마티카/서렌 바디오일 라벤더&마조람 100ml/4.jpg"
    }
},
{
    "model": "stores.productimage",
    "pk": 113,
    "fields": {
        "product": 24,
        "image": "stores/아로마티카/티트리 밸런싱 토너 200ml/1.jpg"
    }
},
{
    "model": "stores.productimage",
    "pk": 114,
    "fields": {
        "product": 24,
        "image": "stores/아로마티카/티트리 밸런싱 토너 200ml/2.jpg"
    }
},
{
    "model": "stores.productimage",
    "pk": 115,
    "fields": {
        "product": 24,
        "image": "stores/아로마티카/티트리 밸런싱 토너 200ml/3.jpg"
    }
},
{
    "model": "stores.productimage",
    "pk": 116,
    "fields": {
        "product": 24,
        "image": "stores/아로마티카/티트리 밸런싱 토너 200ml/4.jpg"
    }
},
{
    "model": "stores.productimage",
    "pk": 117,
    "fields": {
        "product": 25,
        "image": "stores/아로마티카/티트리 퓨리파잉 샴푸 400ml/1.jpg"
    }
},
{
    "model": "stores.productreview",
    "pk": 1,
    "fields": {
        "product": 2,
        "user": 13,
        "title": "이거 샀는데!!!",
        "content": "가벼워서 너무 좋습니다.  10개 더 주문할게요!",
        "rating": 3,
        "image1": "",
        "image2": "",
        "image3": "",
        "image4": "",
        "image5": "",
        "created_at": "2023-06-15T17:00:27.366",
        "updated_at": "2023-06-15T17:00:27.366",
        "like_users": [
            7
        ],
        "dislike_users": []
    }
},
{
    "model": "stores.productreview",
    "pk": 2,
    "fields": {
        "product": 9,
        "user": 13,
        "title": "폐플라스틱 사용해서 좋습니다.",
        "content": "환경에 조금이라도 도움 되는 것 같아 좋아요",
        "rating": 4,
        "image1": "",
        "image2": "",
        "image3": "",
        "image4": "",
        "image5": "",
        "created_at": "2023-06-15T17:01:34.634",
        "updated_at": "2023-06-15T17:01:34.634",
        "like_users": [
            8
        ],
        "dislike_users": []
    }
},
{
    "model": "stores.productreview",
    "pk": 3,
    "fields": {
        "product": 3,
        "user": 13,
        "title": "개체수가 작지만 중요한 우리",
        "content": "이거 좋네요 !!! 귀여워요!!",
        "rating": 4,
        "image1": "",
        "image2": "",
        "image3": "",
        "image4": "",
        "image5": "",
        "created_at": "2023-06-15T17:02:20.458",
        "updated_at": "2023-06-15T17:02:20.459",
        "like_users": [
            7
        ],
        "dislike_users": []
    }
},
{
    "model": "stores.productreview",
    "pk": 4,
    "fields": {
        "product": 2,
        "user": 11,
        "title": "너무 이뻐요",
        "content": "이쁘고 사용감 만족합니다",
        "rating": 5,
        "image1": "",
        "image2": "",
        "image3": "",
        "image4": "",
        "image5": "",
        "created_at": "2023-06-15T17:02:32.933",
        "updated_at": "2023-06-15T17:02:32.933",
        "like_users": [
            7,
            15
        ],
        "dislike_users": []
    }
},
{
    "model": "stores.productreview",
    "pk": 5,
    "fields": {
        "product": 4,
        "user": 13,
        "title": "투포켓백 H",
        "content": "가벼워서 들고 다니기 편해요!\r\n컬러도 마음에 들어요!!",
        "rating": 5,
        "image1": "",
        "image2": "",
        "image3": "",
        "image4": "",
        "image5": "",
        "created_at": "2023-06-15T17:03:00.243",
        "updated_at": "2023-06-15T17:03:00.243",
        "like_users": [
            7
        ],
        "dislike_users": []
    }
},
{
    "model": "stores.productreview",
    "pk": 6,
    "fields": {
        "product": 3,
        "user": 11,
        "title": "귀엽고 너무 마음에 들어요!",
        "content": "귀엽고 너무 마음에 들어요!",
        "rating": 5,
        "image1": "",
        "image2": "",
        "image3": "",
        "image4": "",
        "image5": "",
        "created_at": "2023-06-15T17:03:22.315",
        "updated_at": "2023-06-15T17:03:22.315",
        "like_users": [
            7
        ],
        "dislike_users": []
    }
},
{
    "model": "stores.productreview",
    "pk": 7,
    "fields": {
        "product": 9,
        "user": 11,
        "title": "플라스틱 활용 너무 좋아요!!",
        "content": "플라스틱 활용 너무 좋아요!!",
        "rating": 4,
        "image1": "",
        "image2": "",
        "image3": "",
        "image4": "",
        "image5": "",
        "created_at": "2023-06-15T17:04:24.090",
        "updated_at": "2023-06-15T17:04:24.090",
        "like_users": [
            8
        ],
        "dislike_users": []
    }
},
{
    "model": "stores.productreview",
    "pk": 8,
    "fields": {
        "product": 8,
        "user": 13,
        "title": "미니 슬링백 돌핀백",
        "content": "미니 슬링백 돌핀백 이거 너무 뭐가 없네요\r\n아쉬워요 ㅜㅜ\r\n다시 구매 안할래요.\r\n옆에서 파는 슬링백이 훨~~~씬 좋아요",
        "rating": 1,
        "image1": "",
        "image2": "",
        "image3": "",
        "image4": "",
        "image5": "",
        "created_at": "2023-06-15T17:04:37.178",
        "updated_at": "2023-06-15T17:04:37.178",
        "like_users": [
            7
        ],
        "dislike_users": []
    }
},
{
    "model": "stores.productreview",
    "pk": 9,
    "fields": {
        "product": 4,
        "user": 11,
        "title": "가방 너무 필요했는데 편하고 좋아요",
        "content": "가방 너무 필요했는데 편하고 좋아요",
        "rating": 5,
        "image1": "",
        "image2": "",
        "image3": "",
        "image4": "",
        "image5": "",
        "created_at": "2023-06-15T17:05:18.467",
        "updated_at": "2023-06-15T17:05:18.467",
        "like_users": [
            7
        ],
        "dislike_users": []
    }
},
{
    "model": "stores.productreview",
    "pk": 10,
    "fields": {
        "product": 4,
        "user": 11,
        "title": "가방 너무 필요했는데 편하고 좋아요",
        "content": "가방 너무 필요했는데 편하고 좋아요",
        "rating": 5,
        "image1": "",
        "image2": "",
        "image3": "",
        "image4": "",
        "image5": "",
        "created_at": "2023-06-15T17:05:18.729",
        "updated_at": "2023-06-15T17:05:18.729",
        "like_users": [
            7
        ],
        "dislike_users": []
    }
},
{
    "model": "stores.productreview",
    "pk": 11,
    "fields": {
        "product": 9,
        "user": 12,
        "title": "최고의 장점은 귀여움 아닐까요?",
        "content": "의미가 좋아서 샀는데 들고 다니다 보니까 주변에서 너무 귀엽다고 주문 해달라고 해서 선물용으로 5개 더 주문 합니다! 플라스틱이라서 너무 가볍고 고리 부분이 퀄리티가 좀 아쉽습니다ㅠㅠ",
        "rating": 5,
        "image1": "",
        "image2": "",
        "image3": "",
        "image4": "",
        "image5": "",
        "created_at": "2023-06-15T17:05:37.247",
        "updated_at": "2023-06-15T17:05:37.247",
        "like_users": [
            8
        ],
        "dislike_users": []
    }
},
{
    "model": "stores.productreview",
    "pk": 12,
    "fields": {
        "product": 10,
        "user": 11,
        "title": "맨투맨 너무 이뻐요!!",
        "content": "색감 착감 너무 좋습니다!!!",
        "rating": 5,
        "image1": "",
        "image2": "",
        "image3": "",
        "image4": "",
        "image5": "",
        "created_at": "2023-06-15T17:06:27.886",
        "updated_at": "2023-06-15T17:06:27.887",
        "like_users": [
            7
        ],
        "dislike_users": []
    }
},
{
    "model": "stores.productreview",
    "pk": 14,
    "fields": {
        "product": 5,
        "user": 13,
        "title": "PAGES 다크그린 하운지 크로스백",
        "content": "PAGES 다크그린 하운지 크로스백\r\n\r\n마음에 듭니다.\r\n\r\n자주 구매할게요!",
        "rating": 5,
        "image1": "",
        "image2": "",
        "image3": "",
        "image4": "",
        "image5": "",
        "created_at": "2023-06-15T17:07:23.103",
        "updated_at": "2023-06-15T17:07:23.103",
        "like_users": [
            7
        ],
        "dislike_users": []
    }
},
{
    "model": "stores.productreview",
    "pk": 15,
    "fields": {
        "product": 3,
        "user": 12,
        "title": "아이가 너무 좋아해요",
        "content": "유튜브로 설명도 잘 되어있고 아이한테 환경 교육 하면서 놀이하기에 좋습니다 손으로 접고 작은 구멍에 넣는 과정에서 손 발달에도 좋고 창의력 키우기에도 좋습니다 쓰레기도 거의 안 나오고 재활용 가능한 소재여서 너무 만족스럽습니다!!",
        "rating": 5,
        "image1": "stores/플레이31/개체수가 작지만 중요한 우리/reviews/개체수가_작지만_중요한_우리.jpeg",
        "image2": "",
        "image3": "",
        "image4": "",
        "image5": "",
        "created_at": "2023-06-15T17:07:50.828",
        "updated_at": "2023-06-15T17:07:50.828",
        "like_users": [
            7
        ],
        "dislike_users": []
    }
},
{
    "model": "stores.productreview",
    "pk": 16,
    "fields": {
        "product": 5,
        "user": 11,
        "title": "이쁜데...",
        "content": "가격이 조금...",
        "rating": 2,
        "image1": "",
        "image2": "",
        "image3": "",
        "image4": "",
        "image5": "",
        "created_at": "2023-06-15T17:08:02.317",
        "updated_at": "2023-06-15T17:08:02.318",
        "like_users": [
            7
        ],
        "dislike_users": []
    }
},
{
    "model": "stores.productreview",
    "pk": 17,
    "fields": {
        "product": 13,
        "user": 13,
        "title": "C01 비 - 이온 클렌징 워터 500ml",
        "content": "C01 비 - 이온 클렌징 워터 500ml C01 비 - 이온 클렌징 워터 500mlC01 비 - 이온 클렌징 워터 500mlC01 비 - 이온 클렌징 워터 500mlC01 비 - 이온 클렌징 워터 500mlC01 비 - 이온 클렌징 워터 500mlC01 비 - 이온 클렌징 워터 500mlC01 비 - 이온 클렌징 워터 500mlC01 비 - 이온 클렌징 워터 500mlC01 비 - 이온 클렌징 워터 500mlC01 비 - 이온 클렌징 워터 500mlC01 비 - 이온 클렌징 워터 500mlC01 비 - 이온 클렌징 워터 500mlC01 비 - 이온 클렌징 워터 500mlC01 비 - 이온 클렌징 워터 500mlC01 비 - 이온 클렌징 워터 500mlC01 비 - 이온 클렌징 워터 500mlC01 비 - 이온 클렌징 워터 500mlC01 비 - 이온 클렌징 워터 500mlC01 비 - 이온 클렌징 워터 500mlC01 비 - 이온 클렌징 워터 500mlC01 비 - 이온 클렌징 워터 500mlC01 비 - 이온 클렌징 워터 500mlC01 비 - 이온 클렌징 워터 500mlC01 비 - 이온 클렌징 워터 500mlC01 비 - 이온 클렌징 워터 500mlC01 비 - 이온 클렌징 워터 500mlC01 비 - 이온 클렌징 워터 500mlC01 비 - 이온 클렌징 워터 500mlC01 비 - 이온 클렌징 워터 500mlC01 비 - 이온 클렌징 워터 500ml\r\n이렇게 리뷰 쓰면 어떻게 되나요 ㅜㅜ",
        "rating": 4,
        "image1": "",
        "image2": "",
        "image3": "",
        "image4": "",
        "image5": "",
        "created_at": "2023-06-15T17:08:18.779",
        "updated_at": "2023-06-15T17:08:18.779",
        "like_users": [],
        "dislike_users": []
    }
},
{
    "model": "stores.productreview",
    "pk": 18,
    "fields": {
        "product": 7,
        "user": 11,
        "title": "향이 너무 좋아요",
        "content": "향이 너무 좋아요",
        "rating": 5,
        "image1": "",
        "image2": "",
        "image3": "",
        "image4": "",
        "image5": "",
        "created_at": "2023-06-15T17:08:33.653",
        "updated_at": "2023-06-15T17:08:33.653",
        "like_users": [],
        "dislike_users": []
    }
},
{
    "model": "stores.productreview",
    "pk": 19,
    "fields": {
        "product": 7,
        "user": 13,
        "title": "손에 바르기에 너무 좋아요.",
        "content": "휴대 하면서 사용하기에 너무 좋습니다.\r\n손에 발랐을 때 수분이 촉촉하게 느껴져서 너무 좋아요\r\n주위에 선물로 추천 하겠습니다!!",
        "rating": 5,
        "image1": "",
        "image2": "",
        "image3": "",
        "image4": "",
        "image5": "",
        "created_at": "2023-06-15T17:09:23.999",
        "updated_at": "2023-06-15T17:09:23.999",
        "like_users": [],
        "dislike_users": []
    }
},
{
    "model": "stores.productreview",
    "pk": 20,
    "fields": {
        "product": 8,
        "user": 12,
        "title": "여행 갈 때 들고 가기 좋습니다!",
        "content": "마감도 꼼꼼하고 지갑 여 닫는 부분이 좀 귀찮긴 한데 뒤쪽에 카드 칸 있어서 좋습니다! 친구가 맘에 들어해서 하나 더 주문 할려구여!",
        "rating": 5,
        "image1": "",
        "image2": "",
        "image3": "",
        "image4": "",
        "image5": "",
        "created_at": "2023-06-15T17:09:43.122",
        "updated_at": "2023-06-15T17:09:43.122",
        "like_users": [
            7
        ],
        "dislike_users": []
    }
},
{
    "model": "stores.productreview",
    "pk": 21,
    "fields": {
        "product": 13,
        "user": 11,
        "title": "유기농이라 믿고 사용합니다!!!",
        "content": "유기농이라 믿고 사용합니다!!!",
        "rating": 5,
        "image1": "",
        "image2": "",
        "image3": "",
        "image4": "",
        "image5": "",
        "created_at": "2023-06-15T17:10:07.283",
        "updated_at": "2023-06-15T17:10:07.283",
        "like_users": [],
        "dislike_users": []
    }
},
{
    "model": "stores.productreview",
    "pk": 22,
    "fields": {
        "product": 11,
        "user": 13,
        "title": "키링까지 주시다니!",
        "content": "비누 향 너무 좋아요! ㅎㅎ\r\n고체 비누 좋네요 ㅎㅎ\r\n\r\n패키지에 키링까지 들어있는데 너무 귀엽네요!!",
        "rating": 4,
        "image1": "",
        "image2": "",
        "image3": "",
        "image4": "",
        "image5": "",
        "created_at": "2023-06-15T17:10:55.269",
        "updated_at": "2023-06-15T17:10:55.269",
        "like_users": [
            7
        ],
        "dislike_users": []
    }
},
{
    "model": "stores.productreview",
    "pk": 23,
    "fields": {
        "product": 11,
        "user": 11,
        "title": "키링 너무 귀여워요 ㅠㅠ",
        "content": "키링 너무 귀여워요 ㅠㅠ",
        "rating": 4,
        "image1": "",
        "image2": "",
        "image3": "",
        "image4": "",
        "image5": "",
        "created_at": "2023-06-15T17:11:57.037",
        "updated_at": "2023-06-15T17:11:57.037",
        "like_users": [
            7,
            8
        ],
        "dislike_users": []
    }
},
{
    "model": "stores.productreview",
    "pk": 24,
    "fields": {
        "product": 2,
        "user": 12,
        "title": "초록색 너무 이뻐요!!",
        "content": "초록색 평소에 좋아하는데 선인장 지갑 이름도 귀엽고 색감도 완전 맘에 듭니당ㅎㅎㅎ 환경도 지키고 예쁜 지갑도 생기고 1석2조!! 너무 만족합니다.",
        "rating": 5,
        "image1": "stores/SOWHAT/선인장 지갑 (3 colors)/reviews/선인장_지갑.jpeg",
        "image2": "stores/SOWHAT/선인장 지갑 (3 colors)/reviews/선인장2.jpeg",
        "image3": "stores/SOWHAT/선인장 지갑 (3 colors)/reviews/선인장3.jpeg",
        "image4": "",
        "image5": "",
        "created_at": "2023-06-15T17:12:18.168",
        "updated_at": "2023-06-15T17:12:18.168",
        "like_users": [
            7,
            15
        ],
        "dislike_users": []
    }
},
{
    "model": "stores.productreview",
    "pk": 26,
    "fields": {
        "product": 10,
        "user": 12,
        "title": "색감 완전 취저...",
        "content": "색감이 이뻐서 샀는데! 핏은 그냥 그래요ㅠㅠ 맘에 들면 재구매 할려고 했지만 재구매 의사는 없습니다ㅠㅠ",
        "rating": 3,
        "image1": "",
        "image2": "",
        "image3": "",
        "image4": "",
        "image5": "",
        "created_at": "2023-06-15T17:13:52.130",
        "updated_at": "2023-06-15T17:13:52.130",
        "like_users": [
            7
        ],
        "dislike_users": []
    }
},
{
    "model": "stores.productreview",
    "pk": 27,
    "fields": {
        "product": 4,
        "user": 12,
        "title": "생각보다 만족스러워요!",
        "content": "환경 생각하는 겸사 주문했는데 사진보다 실물이 더 이쁩니다!! 실물은 좀 더 세련됨이 있어요!!",
        "rating": 4,
        "image1": "",
        "image2": "",
        "image3": "",
        "image4": "",
        "image5": "",
        "created_at": "2023-06-15T17:15:28.132",
        "updated_at": "2023-06-15T17:15:28.132",
        "like_users": [
            7
        ],
        "dislike_users": []
    }
},
{
    "model": "stores.productreview",
    "pk": 28,
    "fields": {
        "product": 11,
        "user": 10,
        "title": "피부과 왜들 가시는거에요?",
        "content": "이 비누 제 피부 담당의세요 어떻게 이럴 수 가 있는거죠?!?!? \r\n처음에는 고작 비누 하나 바꾼다고 좋아질 피부였으면 누가 피부과를 가냐고 생각했었는데...\r\n그 생각 이거쓰면서 단번에 깨졌어요 정말 너무 좋아서 이것만 써요 여러분도 한번 속는셈치고\r\n딱 한번만 구매해서 사용해보시면 제 리뷰가 무슨 말인지 알게 되실 것 같아요~",
        "rating": 5,
        "image1": "stores/모어포모레/고체바 & 숲 키링 세트/reviews/비누.jpg",
        "image2": "stores/모어포모레/고체바 & 숲 키링 세트/reviews/메인화면2.jpg",
        "image3": "",
        "image4": "",
        "image5": "",
        "created_at": "2023-06-15T17:15:41.975",
        "updated_at": "2023-06-15T17:15:41.975",
        "like_users": [
            7,
            8
        ],
        "dislike_users": []
    }
},
{
    "model": "stores.productreview",
    "pk": 29,
    "fields": {
        "product": 14,
        "user": 10,
        "title": "환경을 생각하기로 했습니다.",
        "content": "요즘 환경에 관심이 생겨 일회용품 줄이기부터 시작하고자 이 제품 사용해봤는데 좋네요\r\n주변에도 많이 추천해주려고요ㅎㅎ 이렇게 한명 한명 전도하면 지구도 알아주겠죠?!?!?",
        "rating": 5,
        "image1": "",
        "image2": "",
        "image3": "",
        "image4": "",
        "image5": "",
        "created_at": "2023-06-15T17:17:49.443",
        "updated_at": "2023-06-15T17:17:49.443",
        "like_users": [
            1,
            7
        ],
        "dislike_users": []
    }
},
{
    "model": "stores.productreview",
    "pk": 30,
    "fields": {
        "product": 5,
        "user": 12,
        "title": "초록색 너무 이쁩니다...",
        "content": "제가 초록 쳐돌인데... 이거 진짜 색감 너무 예뻐요 여름이라서 흰 바지에 이거 메면 진짜 완전 여름 느낌 나고 좋아요!!! 환경에 관심이 생겨서 이 사이트 알게 됐는데 지금 여기서 얼마를 쓰는지 모르겠습니다.. 이미 통장이 텅장 됐습니다..ㅠㅠ",
        "rating": 5,
        "image1": "",
        "image2": "",
        "image3": "",
        "image4": "",
        "image5": "",
        "created_at": "2023-06-15T17:18:21.122",
        "updated_at": "2023-06-15T17:18:21.122",
        "like_users": [
            7
        ],
        "dislike_users": []
    }
},
{
    "model": "stores.productreview",
    "pk": 31,
    "fields": {
        "product": 13,
        "user": 12,
        "title": "이모가 추천해서 써봤는데",
        "content": "워터가 거품이 나는게 신기합니다ㅋㅋㅋ 평소에 진하게 화장하는 편이 아니라 오일에 폼클렌징은 조금 무거운 느낌이 있었는데 이건 가벼우면서 세정력도 좋아욤!",
        "rating": 5,
        "image1": "stores/톤 28/C01 비 - 이온 클렌징 워터 500ml/reviews/토너.jpeg",
        "image2": "stores/톤 28/C01 비 - 이온 클렌징 워터 500ml/reviews/토너2.jpeg",
        "image3": "",
        "image4": "",
        "image5": "",
        "created_at": "2023-06-15T17:23:03.919",
        "updated_at": "2023-06-15T17:23:03.919",
        "like_users": [],
        "dislike_users": []
    }
},
{
    "model": "stores.productreview",
    "pk": 32,
    "fields": {
        "product": 14,
        "user": 13,
        "title": "환경 아끼기에 동참했습니다.",
        "content": "함께 환경을 보호해 나가는 것 같아 만족스럽습니다.",
        "rating": 4,
        "image1": "",
        "image2": "",
        "image3": "",
        "image4": "",
        "image5": "",
        "created_at": "2023-06-15T17:23:12.838",
        "updated_at": "2023-06-15T17:23:12.838",
        "like_users": [
            7
        ],
        "dislike_users": []
    }
},
{
    "model": "stores.productreview",
    "pk": 33,
    "fields": {
        "product": 7,
        "user": 12,
        "title": "완전 추천!",
        "content": "H1 손바를거리 좋아하는데요. 개인적으로 H1의 꾸덕하면서도 부드러운 제형이 좋기도하고, 핸드크림 아무리 발라도 손이 건조해서 아플 정도였는데 톤28 H1 바르고나서부터 좋아져서 그때부터 몇년 간 쭉 쓰고 있어요. 제가 다 쓰고 싶지만 이번에는 가족한테도 선물하려고요.",
        "rating": 5,
        "image1": "stores/톤 28/H1+  손 바를거리/reviews/손세정.jpeg",
        "image2": "",
        "image3": "",
        "image4": "",
        "image5": "",
        "created_at": "2023-06-15T17:24:57.087",
        "updated_at": "2023-06-15T17:24:57.087",
        "like_users": [],
        "dislike_users": []
    }
},
{
    "model": "stores.productreview",
    "pk": 34,
    "fields": {
        "product": 14,
        "user": 12,
        "title": "손잡이 덕에 완전 편해요!!",
        "content": "세척하기도 편하고 손잡이도 있어서 들고 다니기 좋습니당ㅎㅎ",
        "rating": 5,
        "image1": "",
        "image2": "",
        "image3": "",
        "image4": "",
        "image5": "",
        "created_at": "2023-06-15T17:26:46.470",
        "updated_at": "2023-06-15T17:26:46.470",
        "like_users": [
            7
        ],
        "dislike_users": []
    }
},
{
    "model": "stores.productreview",
    "pk": 35,
    "fields": {
        "product": 11,
        "user": 12,
        "title": "와 이거 진짜 좋아요",
        "content": "평소에 엄청 예민 피부라 아무리 순한 거 써도 처음 적응 기간엔 피부 뒤집어지는데 이건 완전 맞춤형으로 딱 맞아요 제가 이정도로 잘 맞으면 이거 안 맞는 사람 없을 것 같습니다!! 전 세수 할 때만 사용하지만 성분이 너무 좋아서 저희 애기는 바디용으로 쓰고 있습니다!",
        "rating": 5,
        "image1": "",
        "image2": "",
        "image3": "",
        "image4": "",
        "image5": "",
        "created_at": "2023-06-15T17:28:59.746",
        "updated_at": "2023-06-15T17:28:59.746",
        "like_users": [
            7,
            8
        ],
        "dislike_users": []
    }
},
{
    "model": "stores.productreview",
    "pk": 36,
    "fields": {
        "product": 3,
        "user": 10,
        "title": "우리애가 좋아해요",
        "content": "아직 말은 못해서 좋다고는 못 했는데 눈 보니까 그래보여요 많이파세요~",
        "rating": 5,
        "image1": "",
        "image2": "",
        "image3": "",
        "image4": "",
        "image5": "",
        "created_at": "2023-06-15T17:31:46.140",
        "updated_at": "2023-06-15T17:31:46.140",
        "like_users": [
            7
        ],
        "dislike_users": []
    }
},
{
    "model": "stores.productreview",
    "pk": 37,
    "fields": {
        "product": 2,
        "user": 10,
        "title": "주변에도 추천하고있어요",
        "content": "너무 예뻐요 명품 필요없어요 저는 ㅎㅎ 많이 파세요",
        "rating": 5,
        "image1": "",
        "image2": "",
        "image3": "",
        "image4": "",
        "image5": "",
        "created_at": "2023-06-15T17:34:04.209",
        "updated_at": "2023-06-15T17:34:04.209",
        "like_users": [
            7
        ],
        "dislike_users": []
    }
},
{
    "model": "stores.productreview",
    "pk": 38,
    "fields": {
        "product": 8,
        "user": 10,
        "title": "돌고래 모양 너무 귀여워요",
        "content": "돌고래 볼 때 마다 아쿠아리움에서 살아 숨쉬는 것 같아요~",
        "rating": 5,
        "image1": "",
        "image2": "",
        "image3": "",
        "image4": "",
        "image5": "",
        "created_at": "2023-06-15T17:34:49.640",
        "updated_at": "2023-06-15T17:34:49.640",
        "like_users": [
            7
        ],
        "dislike_users": []
    }
},
{
    "model": "stores.productreview",
    "pk": 39,
    "fields": {
        "product": 4,
        "user": 10,
        "title": "환경...",
        "content": "환경을 위해서 이 제품 구매했는데... 환경도 좋고 절약도 좋고 다 좋은데 이 가격 맞아요?!?!?!",
        "rating": 2,
        "image1": "",
        "image2": "",
        "image3": "",
        "image4": "",
        "image5": "",
        "created_at": "2023-06-15T17:35:33.425",
        "updated_at": "2023-06-15T17:35:33.425",
        "like_users": [
            7
        ],
        "dislike_users": []
    }
},
{
    "model": "stores.productreview",
    "pk": 40,
    "fields": {
        "product": 10,
        "user": 10,
        "title": "음...",
        "content": "저는 그냥 무신사 살래요",
        "rating": 2,
        "image1": "",
        "image2": "",
        "image3": "",
        "image4": "",
        "image5": "",
        "created_at": "2023-06-15T17:35:59.335",
        "updated_at": "2023-06-15T17:35:59.335",
        "like_users": [
            7
        ],
        "dislike_users": []
    }
},
{
    "model": "stores.productreview",
    "pk": 41,
    "fields": {
        "product": 5,
        "user": 10,
        "title": "가격이 너무 비싸요",
        "content": "다른 제품 살 것 같아요 근데 저만 이거 구매할 줄 알았는데 아니었네요ㅎㅎ",
        "rating": 3,
        "image1": "",
        "image2": "",
        "image3": "",
        "image4": "",
        "image5": "",
        "created_at": "2023-06-15T17:36:45.331",
        "updated_at": "2023-06-15T17:36:45.331",
        "like_users": [
            7
        ],
        "dislike_users": []
    }
},
{
    "model": "stores.productreview",
    "pk": 42,
    "fields": {
        "product": 7,
        "user": 10,
        "title": "휴대하기 좋네요",
        "content": "다음에도 또 재구매 할게요 많이 파세요",
        "rating": 4,
        "image1": "",
        "image2": "",
        "image3": "",
        "image4": "",
        "image5": "",
        "created_at": "2023-06-15T17:37:13.564",
        "updated_at": "2023-06-15T17:37:13.564",
        "like_users": [],
        "dislike_users": []
    }
},
{
    "model": "stores.productreview",
    "pk": 43,
    "fields": {
        "product": 16,
        "user": 10,
        "title": "너무 귀엽고 깜찍해요",
        "content": "조카 줬더니 좋아해요 다음에 둘째 조카도 줘야겠어요~",
        "rating": 5,
        "image1": "",
        "image2": "",
        "image3": "",
        "image4": "",
        "image5": "",
        "created_at": "2023-06-15T17:38:42.817",
        "updated_at": "2023-06-15T17:38:42.817",
        "like_users": [
            7
        ],
        "dislike_users": []
    }
},
{
    "model": "stores.productreview",
    "pk": 44,
    "fields": {
        "product": 23,
        "user": 7,
        "title": "재구매 하고싶어요",
        "content": "다음에 또 사고싶어도 너무 좋아서 날아갈 뻔 했어요 많이파세요~",
        "rating": 5,
        "image1": "",
        "image2": "",
        "image3": "",
        "image4": "",
        "image5": "",
        "created_at": "2023-06-15T21:55:27.667",
        "updated_at": "2023-06-15T21:55:27.667",
        "like_users": [],
        "dislike_users": []
    }
},
{
    "model": "stores.productreview",
    "pk": 45,
    "fields": {
        "product": 24,
        "user": 7,
        "title": "화장품 좋아요",
        "content": "로드샵 화장품 보다는 확실히 더 좋은 것 같아요 여러분도 사세요",
        "rating": 4,
        "image1": "",
        "image2": "",
        "image3": "",
        "image4": "",
        "image5": "",
        "created_at": "2023-06-15T21:56:01.109",
        "updated_at": "2023-06-15T21:56:01.109",
        "like_users": [],
        "dislike_users": []
    }
},
{
    "model": "stores.productreview",
    "pk": 46,
    "fields": {
        "product": 25,
        "user": 7,
        "title": "이 샴푸 좋아요 여러분",
        "content": "이거 쓰니까 헤드앤숄더 쓸 필요가 없어요 너무 좋으니까 꼭 두 번 사세요",
        "rating": 4,
        "image1": "",
        "image2": "",
        "image3": "",
        "image4": "",
        "image5": "",
        "created_at": "2023-06-15T21:56:54.154",
        "updated_at": "2023-06-15T21:56:54.154",
        "like_users": [],
        "dislike_users": []
    }
},
{
    "model": "secondhands.s_product",
    "pk": 1,
    "fields": {
        "user": 2,
        "product": "인프런 강의 양도 해드려요~",
        "price": 100000,
        "content": "유튜브 보고 충동구매 했는데 하루보고 쳐다도 안 봤어요 정지 시켜놔서 그냥 받고 들으시면 돼요 연락주세요~~",
        "city": "경북",
        "address": "경북 울릉군 울릉읍 독도리 20-2",
        "road_address": "경북 울릉군 울릉읍 독도안용복길 3",
        "d_address": "경북 울릉군 울릉읍",
        "extra_address": "",
        "category": "기타",
        "status": "",
        "like_users": [
            11
        ]
    }
},
{
    "model": "secondhands.s_product",
    "pk": 2,
    "fields": {
        "user": 14,
        "product": "[미개봉] 폰 케이스",
        "price": 5000,
        "content": "아이폰 12 케이스 팝니다. \r\n\r\n핸드폰 바꾸게 되어서 쓸 일이 없어졌네요. \r\n\r\n노란색, 연두색 두 개 있는데 개 당 5천원에 팝니다.\r\n\r\n두 개 다 사시면 천원 할인 해드립니다~",
        "city": "전남",
        "address": "전남 고흥군 봉래면 신금리 878-165",
        "road_address": "전남 고흥군 봉래면 나로도항길 8",
        "d_address": "전남 고흥군 봉래면",
        "extra_address": "교회 앞",
        "category": "잡화",
        "status": "",
        "like_users": [
            11
        ]
    }
},
{
    "model": "secondhands.s_product",
    "pk": 3,
    "fields": {
        "user": 14,
        "product": "수건",
        "price": 5000,
        "content": "두 개 합쳐서 5천원에 팝니다.\r\n여름이라 수영장이나 해수욕장 많이들 가는데, 다들 수건 하나 씩 하세요~!",
        "city": "부산",
        "address": "부산 해운대구 우동 703-5",
        "road_address": "부산 해운대구 해운대해변로 226",
        "d_address": "부산 해운대구 우동",
        "extra_address": "부기 동상 앞",
        "category": "잡화",
        "status": "3",
        "like_users": [
            11
        ]
    }
},
{
    "model": "secondhands.s_product",
    "pk": 4,
    "fields": {
        "user": 14,
        "product": "커피머신",
        "price": 50000,
        "content": "커피머신 팝니다. \r\n1년 정도 사용했구요. 버리기 아까워서 중고거래로 내놓습니다~\r\n커피 잘 뽑아주고 커피 맛이 아주 좋습니다~\r\n네고는 안됩니다!!^^",
        "city": "광주",
        "address": "광주 서구 쌍촌동 902-13",
        "road_address": "광주 서구 운천로109번길 1",
        "d_address": "광주 서구 쌍촌동",
        "extra_address": "스타벅스 앞",
        "category": "전자제품",
        "status": "",
        "like_users": [
            11
        ]
    }
},
{
    "model": "secondhands.s_product",
    "pk": 5,
    "fields": {
        "user": 13,
        "product": "아이스크림 팔아요!",
        "price": 20000,
        "content": "아이스크림 판매 합니다. 녹기 전에 빨리 오시길 바랍니다.\r\n\r\n더운 날씨에 먹으면서 코딩하면 너무 행복 할 것 같아요.\r\n\r\n하루에 3개 이상은 안됩니다.",
        "city": "서울",
        "address": "서울 종로구 북촌로 31-4",
        "road_address": "서울 종로구 가회동 160",
        "d_address": "서울 종로구 북촌로",
        "extra_address": "배스킨라빈스",
        "category": "잡화",
        "status": "2",
        "like_users": []
    }
},
{
    "model": "secondhands.s_product",
    "pk": 7,
    "fields": {
        "user": 11,
        "product": "마우스 판매합니다.",
        "price": 15000,
        "content": "미개봉 마우스 판매합니다. 선물받은 마우스인대 사용하는 제품이 따로 있어서 판매합니다!!",
        "city": "인천",
        "address": "인천 남동구 간석동 574-8",
        "road_address": "인천 남동구 백범로 455-1",
        "d_address": "인천 남동구 간석동",
        "extra_address": "",
        "category": "전자제품",
        "status": "",
        "like_users": []
    }
},
{
    "model": "secondhands.s_product",
    "pk": 8,
    "fields": {
        "user": 8,
        "product": "곰돌이 냄비",
        "price": 10000,
        "content": "몇 번 사용 안했습니다. \r\n곰돌이 냄비 사가세요ㅎㅎ",
        "city": "서울",
        "address": "서울 강동구 성내동 550",
        "road_address": "서울 강동구 성내로 32",
        "d_address": "서울 강동구 성내동",
        "extra_address": "스타벅스 앞",
        "category": "기타",
        "status": "2",
        "like_users": []
    }
},
{
    "model": "secondhands.s_product",
    "pk": 9,
    "fields": {
        "user": 8,
        "product": "[미개봉]리유저블컵",
        "price": 5000,
        "content": "여러분 환경을 위해서는 테이크아웃컵 플라스틱 사용량을 줄여야 합니다!!\r\n 제가 급 환경 사랑에 뽕이 차올라서, 대량으로 리유저블컵을 구매했다가,\r\n몇 개 내놓습니다!!\r\n\r\n디자인 너무 귀엽고, 환경도 보호하고 일석이조입니다!!",
        "city": "경기",
        "address": "경기 동두천시 지행동 475-1",
        "road_address": "경기 동두천시 평화로 2254",
        "d_address": "경기 동두천시 지행동",
        "extra_address": "스타벅스 앞",
        "category": "잡화",
        "status": "3",
        "like_users": [
            11
        ]
    }
},
{
    "model": "secondhands.s_product",
    "pk": 10,
    "fields": {
        "user": 8,
        "product": "아이패드 에어5 256 wifi 스페이스그레이(i pad air5 256)",
        "price": 500000,
        "content": "6개월정도 사용한 아이패드 입니다.\r\n\r\n모델명 : 아이패드 에어5 256GB wifi\r\n색상 : 스패이스 그레이\r\n특징 : 미개봉",
        "city": "부산",
        "address": "부산 부산진구 부전동 227-2",
        "road_address": "부산 부산진구 중앙대로 672",
        "d_address": "부산 부산진구 부전동",
        "extra_address": "삼정타워 앞",
        "category": "전자제품",
        "status": "",
        "like_users": [
            11
        ]
    }
},
{
    "model": "secondhands.s_product",
    "pk": 11,
    "fields": {
        "user": 12,
        "product": "미녀와 야수 찻잔",
        "price": 50000,
        "content": "너무 귀여워서 충동 구매 했는데 저는 차를 안마셔서 장식용으로만 쓰다가! 이번에 이사 가게 돼서 팔기로 했습니당 원래는 10만원 넘는 제품인데 저렴하게 올렸습니다ㅎㅎ",
        "city": "대전",
        "address": "대전 서구 둔산동 1420",
        "road_address": "대전 서구 둔산로 100",
        "d_address": "대전 서구 둔산동",
        "extra_address": "",
        "category": "잡화",
        "status": "",
        "like_users": []
    }
},
{
    "model": "secondhands.s_product",
    "pk": 12,
    "fields": {
        "user": 16,
        "product": "스테이플러",
        "price": 500,
        "content": "귀여운 아보카도 캐릭터 스테이플러 팝니다.\r\n2개 있는데 개 당 500원에 팝니다. 혜자입니다.",
        "city": "부산",
        "address": "부산 금정구 장전동 416-17",
        "road_address": "부산 금정구 부산대학로 40",
        "d_address": "부산 금정구 장전동",
        "extra_address": "지성문구 앞",
        "category": "잡화",
        "status": "",
        "like_users": [
            11
        ]
    }
},
{
    "model": "secondhands.s_product",
    "pk": 13,
    "fields": {
        "user": 11,
        "product": "텀블러 판매합니다",
        "price": 12000,
        "content": "사용 안한 텀블러 판매합니다~",
        "city": "인천",
        "address": "인천 남동구 구월동 1138",
        "road_address": "인천 남동구 정각로 29",
        "d_address": "인천 남동구 구월동",
        "extra_address": "",
        "category": "기타",
        "status": "",
        "like_users": []
    }
},
{
    "model": "secondhands.s_product",
    "pk": 14,
    "fields": {
        "user": 16,
        "product": "다이어리",
        "price": 5000,
        "content": "다이어리 팔아요.\r\n문구 쇼핑몰 열었다가 망해서 내놓습니다. \r\n다이어리 원가 만원인데, 50% 할인해서 팝니다.\r\n사가세요.",
        "city": "전북",
        "address": "전북 전주시 완산구 남노송동 100-1",
        "road_address": "전북 전주시 완산구 기린대로 99",
        "d_address": "전북 전주시 완산구",
        "extra_address": "한옥 마을 입구",
        "category": "잡화",
        "status": "",
        "like_users": []
    }
},
{
    "model": "secondhands.s_product",
    "pk": 15,
    "fields": {
        "user": 16,
        "product": "샤프",
        "price": 700,
        "content": "개 당 1500원인 샤프입니다.\r\n지금 5개 정도 가지고 있는데, 세트로 구입하시면 1000원 네고 해드릴게요~!",
        "city": "강원특별자치도",
        "address": "강원특별자치도 평창군 용평면 노동리 375-3",
        "road_address": "강원특별자치도 평창군 용평면 운두령로 759",
        "d_address": "강원특별자치도 평창군 용평면",
        "extra_address": "앵무새학교 앞",
        "category": "잡화",
        "status": "",
        "like_users": [
            11
        ]
    }
},
{
    "model": "secondhands.s_product",
    "pk": 16,
    "fields": {
        "user": 4,
        "product": "[미사용] 블루보틀 텀블러",
        "price": 20000,
        "content": "블루보틀 텀블러 팝니다.\r\n사용하지 않아서 깨끗합니다.",
        "city": "서울",
        "address": "서울 강남구 역삼동 718-5",
        "road_address": "서울 강남구 테헤란로 212",
        "d_address": "서울 강남구 역삼동",
        "extra_address": "멀티캠퍼스",
        "category": "기타",
        "status": "3",
        "like_users": []
    }
},
{
    "model": "secondhands.s_product",
    "pk": 18,
    "fields": {
        "user": 14,
        "product": "오렌지 나무 화분",
        "price": 20000,
        "content": "제가 열심히 키워서 팝니다.",
        "city": "강원특별자치도",
        "address": "강원특별자치도 정선군 정선읍 귤암리 472-7",
        "road_address": "강원특별자치도 정선군 정선읍 동강로 2250-15",
        "d_address": "강원특별자치도 정선군 정선읍",
        "extra_address": "바다",
        "category": "잡화",
        "status": "",
        "like_users": []
    }
},
{
    "model": "secondhands.s_product",
    "pk": 19,
    "fields": {
        "user": 6,
        "product": "피카츄 팝니다",
        "price": 700000,
        "content": "정전시 유용해요 배터리 충전도 가능합니다",
        "city": "서울",
        "address": "서울 종로구 세종로 1",
        "road_address": "서울 종로구 청와대로 1",
        "d_address": "서울 종로구 세종로",
        "extra_address": "",
        "category": "기타",
        "status": "",
        "like_users": []
    }
},
{
    "model": "secondhands.s_product",
    "pk": 20,
    "fields": {
        "user": 15,
        "product": "피카츄 인형 팔아요~",
        "price": 3000,
        "content": "피카츄 인형이 집에 너무 많아져서 팝니다~ 네고 불가능, 택배비 지불 시 택배 가능",
        "city": "경남",
        "address": "경남 진주시 상대동 284",
        "road_address": "경남 진주시 동진로 155",
        "d_address": "경남 진주시 상대동",
        "extra_address": "분수대 앞",
        "category": "기타",
        "status": "3",
        "like_users": []
    }
},
{
    "model": "secondhands.s_product",
    "pk": 21,
    "fields": {
        "user": 19,
        "product": "스타벅스 머그컵",
        "price": 5000,
        "content": "스타벅스 머그컵 팔아요. 네고 불가능. 택배 불가능",
        "city": "부산",
        "address": "부산 강서구 송정동 830-1",
        "road_address": "부산 강서구 가락대로 312",
        "d_address": "부산 강서구 송정동",
        "extra_address": "",
        "category": "기타",
        "status": "3",
        "like_users": []
    }
},
{
    "model": "secondhands.s_productimage",
    "pk": 1,
    "fields": {
        "product": 1,
        "image": "s_product/1/328238-eng.png"
    }
},
{
    "model": "secondhands.s_productimage",
    "pk": 2,
    "fields": {
        "product": 2,
        "image": "s_product/2/21082df7319b88e3d2a0506d0156486e.jpg"
    }
},
{
    "model": "secondhands.s_productimage",
    "pk": 3,
    "fields": {
        "product": 3,
        "image": "s_product/3/3be801589b4f620b7aa1d272a79590f2.jpg"
    }
},
{
    "model": "secondhands.s_productimage",
    "pk": 4,
    "fields": {
        "product": 4,
        "image": "s_product/4/654f103672fd0eae8cc8052c80313879.jpg"
    }
},
{
    "model": "secondhands.s_productimage",
    "pk": 5,
    "fields": {
        "product": 5,
        "image": "s_product/5/ice-cream-gba71d076d_640.jpg"
    }
},
{
    "model": "secondhands.s_productimage",
    "pk": 6,
    "fields": {
        "product": 7,
        "image": "s_product/7/마우스.jpg"
    }
},
{
    "model": "secondhands.s_productimage",
    "pk": 7,
    "fields": {
        "product": 8,
        "image": "s_product/8/f98420efb29bb4e167fad4eb456f6ecb.jpg"
    }
},
{
    "model": "secondhands.s_productimage",
    "pk": 8,
    "fields": {
        "product": 9,
        "image": "s_product/9/712dd0fed7e47af05a4287c2a3d016d7.jpg"
    }
},
{
    "model": "secondhands.s_productimage",
    "pk": 9,
    "fields": {
        "product": 10,
        "image": "s_product/10/8850c13f87c41eff33afc19bf83117c6.jpg"
    }
},
{
    "model": "secondhands.s_productimage",
    "pk": 10,
    "fields": {
        "product": 11,
        "image": "s_product/11/디즈니.png"
    }
},
{
    "model": "secondhands.s_productimage",
    "pk": 11,
    "fields": {
        "product": 12,
        "image": "s_product/12/7af8a162b618e96445b28b205a2f1d8c.jpg"
    }
},
{
    "model": "secondhands.s_productimage",
    "pk": 12,
    "fields": {
        "product": 13,
        "image": "s_product/13/텀블러.jpg"
    }
},
{
    "model": "secondhands.s_productimage",
    "pk": 13,
    "fields": {
        "product": 14,
        "image": "s_product/14/2dc381c46c383c3cf0d4512c14d2c08c.jpg"
    }
},
{
    "model": "secondhands.s_productimage",
    "pk": 14,
    "fields": {
        "product": 15,
        "image": "s_product/15/70ad6143712204225158dc2c6a6dee46.jpg"
    }
},
{
    "model": "secondhands.s_productimage",
    "pk": 15,
    "fields": {
        "product": 16,
        "image": "s_product/16/s1.jpg"
    }
},
{
    "model": "secondhands.s_productimage",
    "pk": 17,
    "fields": {
        "product": 18,
        "image": "s_product/18/3bac8bfaf7df59154c5f2c3023046c56.jpg"
    }
},
{
    "model": "secondhands.s_productimage",
    "pk": 18,
    "fields": {
        "product": 19,
        "image": "s_product/19/피카츄.png"
    }
},
{
    "model": "secondhands.s_productimage",
    "pk": 19,
    "fields": {
        "product": 20,
        "image": "s_product/20/피카츄.jpeg"
    }
},
{
    "model": "secondhands.s_productimage",
    "pk": 20,
    "fields": {
        "product": 21,
        "image": "s_product/21/머그.jpeg"
    }
},
{
    "model": "carts.cart",
    "pk": 1,
    "fields": {
        "user": 1
    }
},
{
    "model": "carts.cart",
    "pk": 2,
    "fields": {
        "user": 3
    }
},
{
    "model": "carts.cart",
    "pk": 3,
    "fields": {
        "user": 4
    }
},
{
    "model": "carts.cart",
    "pk": 4,
    "fields": {
        "user": 2
    }
},
{
    "model": "carts.cart",
    "pk": 5,
    "fields": {
        "user": 5
    }
},
{
    "model": "carts.cart",
    "pk": 6,
    "fields": {
        "user": 6
    }
},
{
    "model": "carts.cart",
    "pk": 7,
    "fields": {
        "user": 7
    }
},
{
    "model": "carts.cart",
    "pk": 8,
    "fields": {
        "user": 8
    }
},
{
    "model": "carts.cart",
    "pk": 9,
    "fields": {
        "user": 9
    }
},
{
    "model": "carts.cart",
    "pk": 10,
    "fields": {
        "user": 10
    }
},
{
    "model": "carts.cart",
    "pk": 11,
    "fields": {
        "user": 11
    }
},
{
    "model": "carts.cart",
    "pk": 12,
    "fields": {
        "user": 12
    }
},
{
    "model": "carts.cart",
    "pk": 13,
    "fields": {
        "user": 13
    }
},
{
    "model": "carts.cart",
    "pk": 14,
    "fields": {
        "user": 14
    }
},
{
    "model": "carts.cart",
    "pk": 15,
    "fields": {
        "user": 15
    }
},
{
    "model": "carts.cart",
    "pk": 16,
    "fields": {
        "user": 16
    }
},
{
    "model": "carts.cart",
    "pk": 17,
    "fields": {
        "user": 17
    }
},
{
    "model": "carts.cart",
    "pk": 18,
    "fields": {
        "user": 18
    }
},
{
    "model": "carts.cart",
    "pk": 19,
    "fields": {
        "user": 19
    }
},
{
    "model": "carts.cartitem",
    "pk": 1,
    "fields": {
        "cart": 11,
        "product": 13,
        "quantity": 1
    }
},
{
    "model": "carts.cartitem",
    "pk": 2,
    "fields": {
        "cart": 11,
        "product": 11,
        "quantity": 1
    }
},
{
    "model": "carts.cartitem",
    "pk": 3,
    "fields": {
        "cart": 13,
        "product": 8,
        "quantity": 1
    }
},
{
    "model": "carts.cartitem",
    "pk": 4,
    "fields": {
        "cart": 16,
        "product": 8,
        "quantity": 1
    }
},
{
    "model": "carts.cartitem",
    "pk": 5,
    "fields": {
        "cart": 16,
        "product": 9,
        "quantity": 2
    }
},
{
    "model": "carts.cartitem",
    "pk": 6,
    "fields": {
        "cart": 16,
        "product": 16,
        "quantity": 1
    }
},
{
    "model": "carts.cartitem",
    "pk": 9,
    "fields": {
        "cart": 19,
        "product": 9,
        "quantity": 1
    }
},
{
    "model": "carts.cartitem",
    "pk": 11,
    "fields": {
        "cart": 8,
        "product": 22,
        "quantity": 1
    }
},
{
    "model": "carts.order",
    "pk": 1,
    "fields": {
        "seller": 5,
        "customer": 11,
        "shipping_status": "결제전",
        "tracking_number": null,
        "pay_type": null,
        "postcode": null,
        "address": null,
        "phone": null,
        "email": null,
        "memo": null,
        "receiver": null,
        "total_price": null,
        "total_amount": null,
        "use_points": null,
        "added_at": "2023-06-15"
    }
},
{
    "model": "carts.order",
    "pk": 2,
    "fields": {
        "seller": 6,
        "customer": 13,
        "shipping_status": "결제전",
        "tracking_number": null,
        "pay_type": null,
        "postcode": null,
        "address": null,
        "phone": null,
        "email": null,
        "memo": null,
        "receiver": null,
        "total_price": null,
        "total_amount": null,
        "use_points": null,
        "added_at": "2023-06-15"
    }
},
{
    "model": "carts.order",
    "pk": 3,
    "fields": {
        "seller": 6,
        "customer": 14,
        "shipping_status": "배송준비중",
        "tracking_number": null,
        "pay_type": "kakaopay",
        "postcode": "",
        "address": "전남 고흥군 봉래면 나로도항길 15 나로우주센터 202호",
        "phone": "010-4006-7295",
        "email": "eunjeong0223@pusan.ac.kr",
        "memo": "로켓 배송 부탁",
        "receiver": "박은정",
        "total_price": 58500,
        "total_amount": 58500,
        "use_points": 0,
        "added_at": "2023-06-15"
    }
},
{
    "model": "carts.order",
    "pk": 4,
    "fields": {
        "seller": 15,
        "customer": 2,
        "shipping_status": "배송준비중",
        "tracking_number": null,
        "pay_type": "kakaopay",
        "postcode": "40240",
        "address": "경북 울릉군 울릉읍 독도안용복길 3 동도와서도 사이",
        "phone": "010-1111-2222-3333",
        "email": "hany8092@naver.com",
        "memo": "던지지 말아주세요",
        "receiver": "지구지킴이",
        "total_price": 4000,
        "total_amount": 4000,
        "use_points": 0,
        "added_at": "2023-06-15"
    }
},
{
    "model": "carts.order",
    "pk": 5,
    "fields": {
        "seller": 5,
        "customer": 19,
        "shipping_status": "결제전",
        "tracking_number": null,
        "pay_type": null,
        "postcode": null,
        "address": null,
        "phone": null,
        "email": null,
        "memo": null,
        "receiver": null,
        "total_price": null,
        "total_amount": null,
        "use_points": null,
        "added_at": "2023-06-15"
    }
},
{
    "model": "carts.order",
    "pk": 6,
    "fields": {
        "seller": 6,
        "customer": 19,
        "shipping_status": "배송준비중",
        "tracking_number": null,
        "pay_type": "kakaopay",
        "postcode": "52790",
        "address": "경남 진주시 돗골로161번길 9 ",
        "phone": "010-9299-3827",
        "email": "mundal3827@naver.com",
        "memo": "",
        "receiver": "문지수",
        "total_price": 56000,
        "total_amount": 56000,
        "use_points": 0,
        "added_at": "2023-06-15"
    }
},
{
    "model": "carts.order",
    "pk": 7,
    "fields": {
        "seller": 6,
        "customer": 19,
        "shipping_status": "배송준비중",
        "tracking_number": null,
        "pay_type": "kakaopay",
        "postcode": "52790",
        "address": "경남 진주시 돗골로161번길 9 ",
        "phone": "010-9299-3827",
        "email": "mundal3827@naver.com",
        "memo": "",
        "receiver": "문지수",
        "total_price": 14940,
        "total_amount": 14940,
        "use_points": 0,
        "added_at": "2023-06-15"
    }
},
{
    "model": "carts.order",
    "pk": 8,
    "fields": {
        "seller": 15,
        "customer": 14,
        "shipping_status": "배송준비중",
        "tracking_number": null,
        "pay_type": "kakaopay",
        "postcode": "",
        "address": "전남 고흥군 봉래면 나로도항길 15 나로우주센터 303호",
        "phone": "010-4006-7295",
        "email": "eunjeong0223@pusan.ac.kr",
        "memo": "로켓 배송 부탁합니다.",
        "receiver": "박은정",
        "total_price": 7000,
        "total_amount": 7000,
        "use_points": 0,
        "added_at": "2023-06-15"
    }
},
{
    "model": "carts.order",
    "pk": 9,
    "fields": {
        "seller": 15,
        "customer": 18,
        "shipping_status": "배송준비중",
        "tracking_number": null,
        "pay_type": "kakaopay",
        "postcode": "63309",
        "address": "제주특별자치도 제주시 첨단로 216-18 다음본사",
        "phone": "010-2222-3333-4444",
        "email": "yckom4267@www.paran.com.jto.kr",
        "memo": "빨리 갖다 주세요 아시겠죠?",
        "receiver": "test",
        "total_price": 7000,
        "total_amount": 7000,
        "use_points": 0,
        "added_at": "2023-06-15"
    }
},
{
    "model": "carts.order",
    "pk": 10,
    "fields": {
        "seller": 15,
        "customer": 6,
        "shipping_status": "배송준비중",
        "tracking_number": null,
        "pay_type": "kakaopay",
        "postcode": "",
        "address": "서울 종로구 청와대로 1 ",
        "phone": "010-1234-5678",
        "email": "yuyoung.dev@gmail.com",
        "memo": "",
        "receiver": "서유영",
        "total_price": 7000,
        "total_amount": 6000,
        "use_points": 1000,
        "added_at": "2023-06-15"
    }
},
{
    "model": "carts.order",
    "pk": 11,
    "fields": {
        "seller": 6,
        "customer": 19,
        "shipping_status": "배송준비중",
        "tracking_number": null,
        "pay_type": "eximbay",
        "postcode": "52790",
        "address": "경남 진주시 돗골로161번길 9 ",
        "phone": "010-9299-3827",
        "email": "mundal3827@naver.com",
        "memo": "",
        "receiver": "문지수",
        "total_price": 140000,
        "total_amount": 108,
        "use_points": 0,
        "added_at": "2023-06-15"
    }
},
{
    "model": "carts.order",
    "pk": 12,
    "fields": {
        "seller": 15,
        "customer": 18,
        "shipping_status": "배송준비중",
        "tracking_number": null,
        "pay_type": "kakaopay",
        "postcode": "06028",
        "address": "서울 강남구 가로수길 43 팀쿡집",
        "phone": "010-8585-2222",
        "email": "yckom4267@www.paran.com.jto.kr",
        "memo": "던지지 마세요",
        "receiver": "test",
        "total_price": 5000,
        "total_amount": 5000,
        "use_points": 0,
        "added_at": "2023-06-15"
    }
},
{
    "model": "carts.order",
    "pk": 13,
    "fields": {
        "seller": 15,
        "customer": 8,
        "shipping_status": "결제전",
        "tracking_number": null,
        "pay_type": null,
        "postcode": null,
        "address": null,
        "phone": null,
        "email": null,
        "memo": null,
        "receiver": null,
        "total_price": null,
        "total_amount": null,
        "use_points": null,
        "added_at": "2023-06-15"
    }
},
{
    "model": "carts.order",
    "pk": 14,
    "fields": {
        "seller": 6,
        "customer": 17,
        "shipping_status": "배송준비중",
        "tracking_number": null,
        "pay_type": "kakaopay",
        "postcode": "54060",
        "address": "전북 군산시 대야면 대덕길 2 유한킴벌리",
        "phone": "010-1234-5678",
        "email": "rqgzoeq3220@www.hanafos.com.jto.kr",
        "memo": "안녕하세요 빨리 갖다 주세요",
        "receiver": "우리강산푸르게",
        "total_price": 58500,
        "total_amount": 58500,
        "use_points": 0,
        "added_at": "2023-06-15"
    }
},
{
    "model": "carts.order",
    "pk": 15,
    "fields": {
        "seller": 6,
        "customer": 17,
        "shipping_status": "배송준비중",
        "tracking_number": null,
        "pay_type": "kakaopay",
        "postcode": "12428",
        "address": "경기 가평군 가평읍 북한강변로 360-69 남이섬",
        "phone": "010-5555-2222",
        "email": "rqgzoeq3220@www.hanafos.com.jto.kr",
        "memo": "안전 배송 부탁부탁해요",
        "receiver": "우리강산푸르게",
        "total_price": 260000,
        "total_amount": 260000,
        "use_points": 0,
        "added_at": "2023-06-15"
    }
},
{
    "model": "carts.order",
    "pk": 16,
    "fields": {
        "seller": 6,
        "customer": 8,
        "shipping_status": "배송준비중",
        "tracking_number": null,
        "pay_type": "kakaopay",
        "postcode": "",
        "address": "제주특별자치도 제주시 조천읍 신북로 429 울집",
        "phone": "010-1234-1234",
        "email": "bjc235@naver.com",
        "memo": "",
        "receiver": "이자연",
        "total_price": 18000,
        "total_amount": 18000,
        "use_points": 0,
        "added_at": "2023-06-15"
    }
},
{
    "model": "carts.order",
    "pk": 17,
    "fields": {
        "seller": 6,
        "customer": 19,
        "shipping_status": "배송준비중",
        "tracking_number": null,
        "pay_type": "eximbay",
        "postcode": "52790",
        "address": "경남 진주시 돗골로161번길 9 ",
        "phone": "010-9299-3827",
        "email": "mundal3827@naver.com",
        "memo": "",
        "receiver": "문지수",
        "total_price": 18000,
        "total_amount": 13,
        "use_points": 2000,
        "added_at": "2023-06-15"
    }
},
{
    "model": "carts.orderitem",
    "pk": 1,
    "fields": {
        "order": 1,
        "product": 3,
        "quantity": 1
    }
},
{
    "model": "carts.orderitem",
    "pk": 2,
    "fields": {
        "order": 2,
        "product": 8,
        "quantity": 1
    }
},
{
    "model": "carts.orderitem",
    "pk": 3,
    "fields": {
        "order": 3,
        "product": 10,
        "quantity": 1
    }
},
{
    "model": "carts.orderitem",
    "pk": 4,
    "fields": {
        "order": 4,
        "product": 19,
        "quantity": 1
    }
},
{
    "model": "carts.orderitem",
    "pk": 5,
    "fields": {
        "order": 5,
        "product": 16,
        "quantity": 1
    }
},
{
    "model": "carts.orderitem",
    "pk": 6,
    "fields": {
        "order": 6,
        "product": 11,
        "quantity": 1
    }
},
{
    "model": "carts.orderitem",
    "pk": 7,
    "fields": {
        "order": 6,
        "product": 18,
        "quantity": 1
    }
},
{
    "model": "carts.orderitem",
    "pk": 8,
    "fields": {
        "order": 7,
        "product": 7,
        "quantity": 1
    }
},
{
    "model": "carts.orderitem",
    "pk": 9,
    "fields": {
        "order": 8,
        "product": 20,
        "quantity": 1
    }
},
{
    "model": "carts.orderitem",
    "pk": 10,
    "fields": {
        "order": 9,
        "product": 20,
        "quantity": 1
    }
},
{
    "model": "carts.orderitem",
    "pk": 11,
    "fields": {
        "order": 10,
        "product": 20,
        "quantity": 1
    }
},
{
    "model": "carts.orderitem",
    "pk": 12,
    "fields": {
        "order": 11,
        "product": 15,
        "quantity": 1
    }
},
{
    "model": "carts.orderitem",
    "pk": 13,
    "fields": {
        "order": 12,
        "product": 21,
        "quantity": 1
    }
},
{
    "model": "carts.orderitem",
    "pk": 14,
    "fields": {
        "order": 13,
        "product": 19,
        "quantity": 1
    }
},
{
    "model": "carts.orderitem",
    "pk": 15,
    "fields": {
        "order": 14,
        "product": 10,
        "quantity": 1
    }
},
{
    "model": "carts.orderitem",
    "pk": 16,
    "fields": {
        "order": 15,
        "product": 5,
        "quantity": 1
    }
},
{
    "model": "carts.orderitem",
    "pk": 17,
    "fields": {
        "order": 16,
        "product": 23,
        "quantity": 1
    }
},
{
    "model": "carts.orderitem",
    "pk": 18,
    "fields": {
        "order": 17,
        "product": 23,
        "quantity": 1
    }
},
{
    "model": "chat.chatroom",
    "pk": 1,
    "fields": {
        "name": "Kurman11,noname",
        "participants": [
            11,
            13
        ]
    }
},
{
    "model": "chat.chatroom",
    "pk": 2,
    "fields": {
        "name": "noname,뭉지망지",
        "participants": [
            12,
            13
        ]
    }
},
{
    "model": "chat.chatroom",
    "pk": 3,
    "fields": {
        "name": "나(Kurman11)",
        "participants": [
            11
        ]
    }
},
{
    "model": "chat.chatroom",
    "pk": 4,
    "fields": {
        "name": "이산화탄소,플레이31",
        "participants": [
            5,
            16
        ]
    }
},
{
    "model": "chat.chatroom",
    "pk": 5,
    "fields": {
        "name": "admin,자연사랑",
        "participants": [
            1,
            8
        ]
    }
},
{
    "model": "chat.chatroom",
    "pk": 6,
    "fields": {
        "name": "새벽좋아,자연사랑",
        "participants": [
            8,
            15
        ]
    }
},
{
    "model": "chat.chatroom",
    "pk": 7,
    "fields": {
        "name": "뭉지망지,새벽좋아",
        "participants": [
            12,
            15
        ]
    }
},
{
    "model": "chat.chatroom",
    "pk": 8,
    "fields": {
        "name": "새벽좋아,지구를떠나라",
        "participants": [
            14,
            15
        ]
    }
},
{
    "model": "chat.chatroom",
    "pk": 9,
    "fields": {
        "name": "나(지구를떠나라)",
        "participants": [
            14
        ]
    }
},
{
    "model": "chat.chatroom",
    "pk": 10,
    "fields": {
        "name": "admin,지구를떠나라",
        "participants": [
            1,
            14
        ]
    }
},
{
    "model": "chat.chatroom",
    "pk": 11,
    "fields": {
        "name": "planethelper,지구를떠나라",
        "participants": [
            10,
            14
        ]
    }
},
{
    "model": "chat.chatroom",
    "pk": 12,
    "fields": {
        "name": "Kurman11,지구를떠나라",
        "participants": [
            11,
            14
        ]
    }
},
{
    "model": "chat.chatroom",
    "pk": 13,
    "fields": {
        "name": "뭉지망지,지구를떠나라",
        "participants": [
            12,
            14
        ]
    }
},
{
    "model": "chat.chatroom",
    "pk": 14,
    "fields": {
        "name": "noname,지구를떠나라",
        "participants": [
            13,
            14
        ]
    }
},
{
    "model": "chat.chatroom",
    "pk": 15,
    "fields": {
        "name": "김유영,새벽좋아",
        "participants": [
            6,
            15
        ]
    }
},
{
    "model": "chat.chatroom",
    "pk": 16,
    "fields": {
        "name": "김유영,지9",
        "participants": [
            2,
            6
        ]
    }
},
{
    "model": "chat.chatroom",
    "pk": 17,
    "fields": {
        "name": "김유영,지구를떠나라",
        "participants": [
            6,
            14
        ]
    }
},
{
    "model": "chat.chatroom",
    "pk": 18,
    "fields": {
        "name": "이산화탄소,지구를떠나라",
        "participants": [
            14,
            16
        ]
    }
},
{
    "model": "chat.chatroom",
    "pk": 19,
    "fields": {
        "name": "planethelper,굴비,김유영,지구를떠나라,지구재그,파괴왕",
        "participants": [
            4,
            6,
            7,
            10,
            14,
            19
        ]
    }
},
{
    "model": "chat.chatroom",
    "pk": 20,
    "fields": {
        "name": "이산화탄소,파괴왕",
        "participants": [
            16,
            19
        ]
    }
},
{
    "model": "chat.chatroom",
    "pk": 21,
    "fields": {
        "name": "이산화탄소,자연사랑",
        "participants": [
            8,
            16
        ]
    }
},
{
    "model": "chat.chatroom",
    "pk": 22,
    "fields": {
        "name": "Kurman11,자연사랑",
        "participants": [
            8,
            11
        ]
    }
},
{
    "model": "chat.message",
    "pk": 1,
    "fields": {
        "chat_room": 1,
        "sender": 13,
        "content": "ㅋㅋㅋㅋㅋ",
        "timestamp": "2023-06-15T17:20:52.805",
        "is_read": false
    }
},
{
    "model": "chat.message",
    "pk": 2,
    "fields": {
        "chat_room": 1,
        "sender": 13,
        "content": "이거 되나요",
        "timestamp": "2023-06-15T17:20:54.740",
        "is_read": false
    }
},
{
    "model": "chat.message",
    "pk": 3,
    "fields": {
        "chat_room": 1,
        "sender": 13,
        "content": "용진님",
        "timestamp": "2023-06-15T17:20:59.075",
        "is_read": false
    }
},
{
    "model": "chat.message",
    "pk": 4,
    "fields": {
        "chat_room": 1,
        "sender": 13,
        "content": "ㅋㅋㅋㅋㅋㅋㅋ",
        "timestamp": "2023-06-15T17:21:00.923",
        "is_read": false
    }
},
{
    "model": "chat.message",
    "pk": 5,
    "fields": {
        "chat_room": 2,
        "sender": 13,
        "content": "~~~~",
        "timestamp": "2023-06-15T17:34:20.509",
        "is_read": false
    }
},
{
    "model": "chat.message",
    "pk": 6,
    "fields": {
        "chat_room": 2,
        "sender": 13,
        "content": "안녕하세요",
        "timestamp": "2023-06-15T17:34:23.377",
        "is_read": false
    }
},
{
    "model": "chat.message",
    "pk": 7,
    "fields": {
        "chat_room": 1,
        "sender": 11,
        "content": "안ㄴ여하세요",
        "timestamp": "2023-06-15T17:43:23.709",
        "is_read": false
    }
},
{
    "model": "chat.message",
    "pk": 8,
    "fields": {
        "chat_room": 1,
        "sender": 11,
        "content": "동작하네요",
        "timestamp": "2023-06-15T17:43:26.085",
        "is_read": false
    }
},
{
    "model": "chat.message",
    "pk": 9,
    "fields": {
        "chat_room": 1,
        "sender": 13,
        "content": "ㅋㅋㅋㅋㅋ네",
        "timestamp": "2023-06-15T17:46:43.429",
        "is_read": false
    }
},
{
    "model": "chat.message",
    "pk": 10,
    "fields": {
        "chat_room": 2,
        "sender": 12,
        "content": "...?",
        "timestamp": "2023-06-15T17:48:09.662",
        "is_read": false
    }
},
{
    "model": "chat.message",
    "pk": 11,
    "fields": {
        "chat_room": 2,
        "sender": 12,
        "content": "우와",
        "timestamp": "2023-06-15T17:48:15.508",
        "is_read": false
    }
},
{
    "model": "chat.message",
    "pk": 12,
    "fields": {
        "chat_room": 2,
        "sender": 12,
        "content": "이거 뭐죠",
        "timestamp": "2023-06-15T17:48:18.127",
        "is_read": false
    }
},
{
    "model": "chat.message",
    "pk": 13,
    "fields": {
        "chat_room": 2,
        "sender": 13,
        "content": "이거 채팅이죠",
        "timestamp": "2023-06-15T17:49:25.474",
        "is_read": false
    }
},
{
    "model": "chat.message",
    "pk": 14,
    "fields": {
        "chat_room": 2,
        "sender": 13,
        "content": "ㅋㅋㅋ",
        "timestamp": "2023-06-15T17:49:27.066",
        "is_read": false
    }
},
{
    "model": "chat.message",
    "pk": 15,
    "fields": {
        "chat_room": 2,
        "sender": 12,
        "content": "누구세요",
        "timestamp": "2023-06-15T17:49:44.586",
        "is_read": false
    }
},
{
    "model": "chat.message",
    "pk": 16,
    "fields": {
        "chat_room": 2,
        "sender": 13,
        "content": "뭉지뭉지 ㅋ",
        "timestamp": "2023-06-15T17:49:53.423",
        "is_read": false
    }
},
{
    "model": "chat.message",
    "pk": 17,
    "fields": {
        "chat_room": 2,
        "sender": 13,
        "content": "ㅋㅋㅋㅋ",
        "timestamp": "2023-06-15T17:49:54.533",
        "is_read": false
    }
},
{
    "model": "chat.message",
    "pk": 18,
    "fields": {
        "chat_room": 2,
        "sender": 13,
        "content": "누굴까요",
        "timestamp": "2023-06-15T17:50:11.545",
        "is_read": false
    }
},
{
    "model": "chat.message",
    "pk": 19,
    "fields": {
        "chat_room": 2,
        "sender": 12,
        "content": "안궁금해할래요 ㅎㅎ",
        "timestamp": "2023-06-15T17:50:56.111",
        "is_read": false
    }
},
{
    "model": "chat.message",
    "pk": 20,
    "fields": {
        "chat_room": 5,
        "sender": 1,
        "content": "혹시 곰돌이 냄비 팔렸나요??",
        "timestamp": "2023-06-15T21:01:34.286",
        "is_read": false
    }
},
{
    "model": "chat.message",
    "pk": 21,
    "fields": {
        "chat_room": 6,
        "sender": 15,
        "content": "혹시 곰돌이 냄비 팔렸나요??",
        "timestamp": "2023-06-15T21:02:19.639",
        "is_read": false
    }
},
{
    "model": "chat.message",
    "pk": 22,
    "fields": {
        "chat_room": 7,
        "sender": 15,
        "content": "너무 귀여운데 혹시 팔렸나요??",
        "timestamp": "2023-06-15T21:04:37.476",
        "is_read": false
    }
},
{
    "model": "chat.message",
    "pk": 23,
    "fields": {
        "chat_room": 7,
        "sender": 15,
        "content": "언제 살 수 있을까요??",
        "timestamp": "2023-06-15T21:04:41.910",
        "is_read": false
    }
},
{
    "model": "chat.message",
    "pk": 24,
    "fields": {
        "chat_room": 8,
        "sender": 15,
        "content": "저 다이어리 작성하고 싶은데 혹시 택배 가능한가요??",
        "timestamp": "2023-06-15T21:06:08.377",
        "is_read": false
    }
},
{
    "model": "chat.message",
    "pk": 25,
    "fields": {
        "chat_room": 4,
        "sender": 16,
        "content": "네?",
        "timestamp": "2023-06-15T21:07:16.996",
        "is_read": false
    }
},
{
    "model": "chat.message",
    "pk": 26,
    "fields": {
        "chat_room": 8,
        "sender": 14,
        "content": "네 택배 가능합니다~",
        "timestamp": "2023-06-15T21:08:39.267",
        "is_read": false
    }
},
{
    "model": "chat.message",
    "pk": 27,
    "fields": {
        "chat_room": 9,
        "sender": 14,
        "content": "나에게?",
        "timestamp": "2023-06-15T21:10:59.201",
        "is_read": false
    }
},
{
    "model": "chat.message",
    "pk": 28,
    "fields": {
        "chat_room": 11,
        "sender": 14,
        "content": "뭐지?",
        "timestamp": "2023-06-15T21:12:15.593",
        "is_read": false
    }
},
{
    "model": "chat.message",
    "pk": 29,
    "fields": {
        "chat_room": 17,
        "sender": 14,
        "content": "사고 싶은데요",
        "timestamp": "2023-06-15T21:17:15.806",
        "is_read": false
    }
},
{
    "model": "chat.message",
    "pk": 30,
    "fields": {
        "chat_room": 17,
        "sender": 14,
        "content": "네고 가능합니까",
        "timestamp": "2023-06-15T21:17:19.850",
        "is_read": false
    }
},
{
    "model": "chat.message",
    "pk": 31,
    "fields": {
        "chat_room": 15,
        "sender": 15,
        "content": "피카츄 사고 싶은데, 되나요",
        "timestamp": "2023-06-15T21:17:33.107",
        "is_read": false
    }
},
{
    "model": "chat.message",
    "pk": 32,
    "fields": {
        "chat_room": 8,
        "sender": 15,
        "content": "언제 가능하시죠??",
        "timestamp": "2023-06-15T21:18:13.203",
        "is_read": false
    }
},
{
    "model": "chat.message",
    "pk": 33,
    "fields": {
        "chat_room": 8,
        "sender": 14,
        "content": "오 네네 바로 로켓배송 가능합니다!",
        "timestamp": "2023-06-15T21:18:37.608",
        "is_read": false
    }
},
{
    "model": "chat.message",
    "pk": 34,
    "fields": {
        "chat_room": 6,
        "sender": 8,
        "content": "아 아직 안팔렸습니다!",
        "timestamp": "2023-06-15T21:40:53.860",
        "is_read": false
    }
},
{
    "model": "chat.message",
    "pk": 35,
    "fields": {
        "chat_room": 5,
        "sender": 8,
        "content": "네네 예약 걸렸네요 ㅠㅠ",
        "timestamp": "2023-06-15T21:41:13.794",
        "is_read": false
    }
},
{
    "model": "chat.message",
    "pk": 36,
    "fields": {
        "chat_room": 19,
        "sender": 19,
        "content": "같이 플로깅 가실 분 구해요~",
        "timestamp": "2023-06-15T21:45:43.434",
        "is_read": false
    }
},
{
    "model": "chat.message",
    "pk": 37,
    "fields": {
        "chat_room": 15,
        "sender": 6,
        "content": "네",
        "timestamp": "2023-06-15T21:45:58.027",
        "is_read": false
    }
},
{
    "model": "chat.message",
    "pk": 38,
    "fields": {
        "chat_room": 15,
        "sender": 6,
        "content": "저희집앞으로 오세요",
        "timestamp": "2023-06-15T21:46:01.452",
        "is_read": false
    }
},
{
    "model": "chat.message",
    "pk": 39,
    "fields": {
        "chat_room": 20,
        "sender": 19,
        "content": "스테이플러 사고 싶어요~",
        "timestamp": "2023-06-15T21:46:08.802",
        "is_read": false
    }
},
{
    "model": "chat.message",
    "pk": 40,
    "fields": {
        "chat_room": 17,
        "sender": 6,
        "content": "네 200만원 입니다",
        "timestamp": "2023-06-15T21:46:26.653",
        "is_read": false
    }
},
{
    "model": "chat.message",
    "pk": 41,
    "fields": {
        "chat_room": 19,
        "sender": 7,
        "content": "ㅋㅋ?",
        "timestamp": "2023-06-15T21:46:29.182",
        "is_read": false
    }
},
{
    "model": "chat.message",
    "pk": 42,
    "fields": {
        "chat_room": 19,
        "sender": 6,
        "content": "피카츄",
        "timestamp": "2023-06-15T21:46:38.147",
        "is_read": false
    }
},
{
    "model": "chat.message",
    "pk": 43,
    "fields": {
        "chat_room": 19,
        "sender": 7,
        "content": "단위 맞나요 그거?",
        "timestamp": "2023-06-15T21:46:41.157",
        "is_read": false
    }
},
{
    "model": "chat.message",
    "pk": 44,
    "fields": {
        "chat_room": 19,
        "sender": 7,
        "content": "플로깅 어디서 하시나요?!?!?!?",
        "timestamp": "2023-06-15T21:48:06.757",
        "is_read": false
    }
},
{
    "model": "chat.message",
    "pk": 45,
    "fields": {
        "chat_room": 4,
        "sender": 5,
        "content": "???",
        "timestamp": "2023-06-15T21:50:04.437",
        "is_read": false
    }
},
{
    "model": "chat.message",
    "pk": 46,
    "fields": {
        "chat_room": 21,
        "sender": 8,
        "content": "스테이플러 사고 싶어요.",
        "timestamp": "2023-06-15T21:50:42.651",
        "is_read": false
    }
},
{
    "model": "chat.message",
    "pk": 47,
    "fields": {
        "chat_room": 19,
        "sender": 4,
        "content": "플러깅 후 회식있나요?",
        "timestamp": "2023-06-15T21:51:17.548",
        "is_read": false
    }
},
{
    "model": "chat.message",
    "pk": 48,
    "fields": {
        "chat_room": 19,
        "sender": 6,
        "content": "회식 좋아요 치킨 어떠세요",
        "timestamp": "2023-06-15T21:55:33.917",
        "is_read": false
    }
},
{
    "model": "chat.message",
    "pk": 49,
    "fields": {
        "chat_room": 19,
        "sender": 7,
        "content": "저는 교촌치킨 빼고 다 먹어요~~",
        "timestamp": "2023-06-15T22:01:53.214",
        "is_read": false
    }
},
{
    "model": "chat.message",
    "pk": 50,
    "fields": {
        "chat_room": 20,
        "sender": 16,
        "content": "네네",
        "timestamp": "2023-06-15T22:02:26.814",
        "is_read": false
    }
},
{
    "model": "chat.message",
    "pk": 51,
    "fields": {
        "chat_room": 20,
        "sender": 16,
        "content": "거래 장소로 500원 들고 내일 오세요.",
        "timestamp": "2023-06-15T22:02:57.623",
        "is_read": false
    }
},
{
    "model": "chat.message",
    "pk": 52,
    "fields": {
        "chat_room": 21,
        "sender": 16,
        "content": "팔렸어요",
        "timestamp": "2023-06-15T22:03:06.229",
        "is_read": false
    }
},
{
    "model": "chat.notification",
    "pk": 1,
    "fields": {
        "user": 11,
        "chat_room": 1,
        "message": 1,
        "timestamp": "2023-06-15T17:20:52.821",
        "is_read": true
    }
},
{
    "model": "chat.notification",
    "pk": 2,
    "fields": {
        "user": 11,
        "chat_room": 1,
        "message": 2,
        "timestamp": "2023-06-15T17:20:54.757",
        "is_read": true
    }
},
{
    "model": "chat.notification",
    "pk": 3,
    "fields": {
        "user": 11,
        "chat_room": 1,
        "message": 3,
        "timestamp": "2023-06-15T17:20:59.092",
        "is_read": true
    }
},
{
    "model": "chat.notification",
    "pk": 4,
    "fields": {
        "user": 11,
        "chat_room": 1,
        "message": 4,
        "timestamp": "2023-06-15T17:21:00.940",
        "is_read": true
    }
},
{
    "model": "chat.notification",
    "pk": 5,
    "fields": {
        "user": 12,
        "chat_room": 2,
        "message": 5,
        "timestamp": "2023-06-15T17:34:20.526",
        "is_read": true
    }
},
{
    "model": "chat.notification",
    "pk": 6,
    "fields": {
        "user": 12,
        "chat_room": 2,
        "message": 6,
        "timestamp": "2023-06-15T17:34:23.395",
        "is_read": true
    }
},
{
    "model": "chat.notification",
    "pk": 7,
    "fields": {
        "user": 13,
        "chat_room": 1,
        "message": 7,
        "timestamp": "2023-06-15T17:43:23.716",
        "is_read": true
    }
},
{
    "model": "chat.notification",
    "pk": 8,
    "fields": {
        "user": 13,
        "chat_room": 1,
        "message": 8,
        "timestamp": "2023-06-15T17:43:26.101",
        "is_read": true
    }
},
{
    "model": "chat.notification",
    "pk": 9,
    "fields": {
        "user": 11,
        "chat_room": 1,
        "message": 9,
        "timestamp": "2023-06-15T17:46:43.447",
        "is_read": true
    }
},
{
    "model": "chat.notification",
    "pk": 10,
    "fields": {
        "user": 13,
        "chat_room": 2,
        "message": 10,
        "timestamp": "2023-06-15T17:48:09.679",
        "is_read": true
    }
},
{
    "model": "chat.notification",
    "pk": 11,
    "fields": {
        "user": 13,
        "chat_room": 2,
        "message": 11,
        "timestamp": "2023-06-15T17:48:15.526",
        "is_read": true
    }
},
{
    "model": "chat.notification",
    "pk": 12,
    "fields": {
        "user": 13,
        "chat_room": 2,
        "message": 12,
        "timestamp": "2023-06-15T17:48:18.145",
        "is_read": true
    }
},
{
    "model": "chat.notification",
    "pk": 13,
    "fields": {
        "user": 12,
        "chat_room": 2,
        "message": 13,
        "timestamp": "2023-06-15T17:49:25.490",
        "is_read": true
    }
},
{
    "model": "chat.notification",
    "pk": 14,
    "fields": {
        "user": 12,
        "chat_room": 2,
        "message": 14,
        "timestamp": "2023-06-15T17:49:27.072",
        "is_read": true
    }
},
{
    "model": "chat.notification",
    "pk": 15,
    "fields": {
        "user": 13,
        "chat_room": 2,
        "message": 15,
        "timestamp": "2023-06-15T17:49:44.604",
        "is_read": true
    }
},
{
    "model": "chat.notification",
    "pk": 16,
    "fields": {
        "user": 12,
        "chat_room": 2,
        "message": 16,
        "timestamp": "2023-06-15T17:49:53.431",
        "is_read": true
    }
},
{
    "model": "chat.notification",
    "pk": 17,
    "fields": {
        "user": 12,
        "chat_room": 2,
        "message": 17,
        "timestamp": "2023-06-15T17:49:54.551",
        "is_read": true
    }
},
{
    "model": "chat.notification",
    "pk": 18,
    "fields": {
        "user": 12,
        "chat_room": 2,
        "message": 18,
        "timestamp": "2023-06-15T17:50:11.564",
        "is_read": true
    }
},
{
    "model": "chat.notification",
    "pk": 19,
    "fields": {
        "user": 13,
        "chat_room": 2,
        "message": 19,
        "timestamp": "2023-06-15T17:50:56.128",
        "is_read": false
    }
},
{
    "model": "chat.notification",
    "pk": 20,
    "fields": {
        "user": 8,
        "chat_room": 5,
        "message": 20,
        "timestamp": "2023-06-15T21:01:34.303",
        "is_read": true
    }
},
{
    "model": "chat.notification",
    "pk": 21,
    "fields": {
        "user": 8,
        "chat_room": 6,
        "message": 21,
        "timestamp": "2023-06-15T21:02:19.656",
        "is_read": true
    }
},
{
    "model": "chat.notification",
    "pk": 22,
    "fields": {
        "user": 12,
        "chat_room": 7,
        "message": 22,
        "timestamp": "2023-06-15T21:04:37.492",
        "is_read": false
    }
},
{
    "model": "chat.notification",
    "pk": 23,
    "fields": {
        "user": 12,
        "chat_room": 7,
        "message": 23,
        "timestamp": "2023-06-15T21:04:41.926",
        "is_read": false
    }
},
{
    "model": "chat.notification",
    "pk": 24,
    "fields": {
        "user": 14,
        "chat_room": 8,
        "message": 24,
        "timestamp": "2023-06-15T21:06:08.394",
        "is_read": true
    }
},
{
    "model": "chat.notification",
    "pk": 25,
    "fields": {
        "user": 5,
        "chat_room": 4,
        "message": 25,
        "timestamp": "2023-06-15T21:07:17.014",
        "is_read": true
    }
},
{
    "model": "chat.notification",
    "pk": 26,
    "fields": {
        "user": 15,
        "chat_room": 8,
        "message": 26,
        "timestamp": "2023-06-15T21:08:39.288",
        "is_read": true
    }
},
{
    "model": "chat.notification",
    "pk": 27,
    "fields": {
        "user": 10,
        "chat_room": 11,
        "message": 28,
        "timestamp": "2023-06-15T21:12:15.611",
        "is_read": false
    }
},
{
    "model": "chat.notification",
    "pk": 28,
    "fields": {
        "user": 6,
        "chat_room": 17,
        "message": 29,
        "timestamp": "2023-06-15T21:17:15.825",
        "is_read": true
    }
},
{
    "model": "chat.notification",
    "pk": 29,
    "fields": {
        "user": 6,
        "chat_room": 17,
        "message": 30,
        "timestamp": "2023-06-15T21:17:19.866",
        "is_read": true
    }
},
{
    "model": "chat.notification",
    "pk": 30,
    "fields": {
        "user": 6,
        "chat_room": 15,
        "message": 31,
        "timestamp": "2023-06-15T21:17:33.125",
        "is_read": true
    }
},
{
    "model": "chat.notification",
    "pk": 31,
    "fields": {
        "user": 14,
        "chat_room": 8,
        "message": 32,
        "timestamp": "2023-06-15T21:18:13.218",
        "is_read": true
    }
},
{
    "model": "chat.notification",
    "pk": 32,
    "fields": {
        "user": 15,
        "chat_room": 8,
        "message": 33,
        "timestamp": "2023-06-15T21:18:37.625",
        "is_read": false
    }
},
{
    "model": "chat.notification",
    "pk": 33,
    "fields": {
        "user": 15,
        "chat_room": 6,
        "message": 34,
        "timestamp": "2023-06-15T21:40:53.882",
        "is_read": false
    }
},
{
    "model": "chat.notification",
    "pk": 34,
    "fields": {
        "user": 1,
        "chat_room": 5,
        "message": 35,
        "timestamp": "2023-06-15T21:41:13.811",
        "is_read": false
    }
},
{
    "model": "chat.notification",
    "pk": 35,
    "fields": {
        "user": 4,
        "chat_room": 19,
        "message": 36,
        "timestamp": "2023-06-15T21:45:43.453",
        "is_read": true
    }
},
{
    "model": "chat.notification",
    "pk": 36,
    "fields": {
        "user": 6,
        "chat_room": 19,
        "message": 36,
        "timestamp": "2023-06-15T21:45:43.457",
        "is_read": true
    }
},
{
    "model": "chat.notification",
    "pk": 37,
    "fields": {
        "user": 7,
        "chat_room": 19,
        "message": 36,
        "timestamp": "2023-06-15T21:45:43.461",
        "is_read": true
    }
},
{
    "model": "chat.notification",
    "pk": 38,
    "fields": {
        "user": 10,
        "chat_room": 19,
        "message": 36,
        "timestamp": "2023-06-15T21:45:43.465",
        "is_read": false
    }
},
{
    "model": "chat.notification",
    "pk": 39,
    "fields": {
        "user": 14,
        "chat_room": 19,
        "message": 36,
        "timestamp": "2023-06-15T21:45:43.470",
        "is_read": false
    }
},
{
    "model": "chat.notification",
    "pk": 40,
    "fields": {
        "user": 15,
        "chat_room": 15,
        "message": 37,
        "timestamp": "2023-06-15T21:45:58.043",
        "is_read": false
    }
},
{
    "model": "chat.notification",
    "pk": 41,
    "fields": {
        "user": 15,
        "chat_room": 15,
        "message": 38,
        "timestamp": "2023-06-15T21:46:01.470",
        "is_read": false
    }
},
{
    "model": "chat.notification",
    "pk": 42,
    "fields": {
        "user": 16,
        "chat_room": 20,
        "message": 39,
        "timestamp": "2023-06-15T21:46:08.817",
        "is_read": true
    }
},
{
    "model": "chat.notification",
    "pk": 43,
    "fields": {
        "user": 14,
        "chat_room": 17,
        "message": 40,
        "timestamp": "2023-06-15T21:46:26.668",
        "is_read": false
    }
},
{
    "model": "chat.notification",
    "pk": 44,
    "fields": {
        "user": 4,
        "chat_room": 19,
        "message": 41,
        "timestamp": "2023-06-15T21:46:29.198",
        "is_read": true
    }
},
{
    "model": "chat.notification",
    "pk": 45,
    "fields": {
        "user": 6,
        "chat_room": 19,
        "message": 41,
        "timestamp": "2023-06-15T21:46:29.204",
        "is_read": true
    }
},
{
    "model": "chat.notification",
    "pk": 46,
    "fields": {
        "user": 10,
        "chat_room": 19,
        "message": 41,
        "timestamp": "2023-06-15T21:46:29.209",
        "is_read": false
    }
},
{
    "model": "chat.notification",
    "pk": 47,
    "fields": {
        "user": 14,
        "chat_room": 19,
        "message": 41,
        "timestamp": "2023-06-15T21:46:29.214",
        "is_read": false
    }
},
{
    "model": "chat.notification",
    "pk": 48,
    "fields": {
        "user": 19,
        "chat_room": 19,
        "message": 41,
        "timestamp": "2023-06-15T21:46:29.218",
        "is_read": false
    }
},
{
    "model": "chat.notification",
    "pk": 49,
    "fields": {
        "user": 4,
        "chat_room": 19,
        "message": 42,
        "timestamp": "2023-06-15T21:46:38.165",
        "is_read": true
    }
},
{
    "model": "chat.notification",
    "pk": 50,
    "fields": {
        "user": 7,
        "chat_room": 19,
        "message": 42,
        "timestamp": "2023-06-15T21:46:38.168",
        "is_read": true
    }
},
{
    "model": "chat.notification",
    "pk": 51,
    "fields": {
        "user": 10,
        "chat_room": 19,
        "message": 42,
        "timestamp": "2023-06-15T21:46:38.173",
        "is_read": false
    }
},
{
    "model": "chat.notification",
    "pk": 52,
    "fields": {
        "user": 14,
        "chat_room": 19,
        "message": 42,
        "timestamp": "2023-06-15T21:46:38.177",
        "is_read": false
    }
},
{
    "model": "chat.notification",
    "pk": 53,
    "fields": {
        "user": 19,
        "chat_room": 19,
        "message": 42,
        "timestamp": "2023-06-15T21:46:38.181",
        "is_read": false
    }
},
{
    "model": "chat.notification",
    "pk": 54,
    "fields": {
        "user": 4,
        "chat_room": 19,
        "message": 43,
        "timestamp": "2023-06-15T21:46:41.175",
        "is_read": true
    }
},
{
    "model": "chat.notification",
    "pk": 55,
    "fields": {
        "user": 6,
        "chat_room": 19,
        "message": 43,
        "timestamp": "2023-06-15T21:46:41.180",
        "is_read": true
    }
},
{
    "model": "chat.notification",
    "pk": 56,
    "fields": {
        "user": 10,
        "chat_room": 19,
        "message": 43,
        "timestamp": "2023-06-15T21:46:41.185",
        "is_read": false
    }
},
{
    "model": "chat.notification",
    "pk": 57,
    "fields": {
        "user": 14,
        "chat_room": 19,
        "message": 43,
        "timestamp": "2023-06-15T21:46:41.189",
        "is_read": false
    }
},
{
    "model": "chat.notification",
    "pk": 58,
    "fields": {
        "user": 19,
        "chat_room": 19,
        "message": 43,
        "timestamp": "2023-06-15T21:46:41.194",
        "is_read": false
    }
},
{
    "model": "chat.notification",
    "pk": 59,
    "fields": {
        "user": 4,
        "chat_room": 19,
        "message": 44,
        "timestamp": "2023-06-15T21:48:06.774",
        "is_read": true
    }
},
{
    "model": "chat.notification",
    "pk": 60,
    "fields": {
        "user": 6,
        "chat_room": 19,
        "message": 44,
        "timestamp": "2023-06-15T21:48:06.778",
        "is_read": true
    }
},
{
    "model": "chat.notification",
    "pk": 61,
    "fields": {
        "user": 10,
        "chat_room": 19,
        "message": 44,
        "timestamp": "2023-06-15T21:48:06.783",
        "is_read": false
    }
},
{
    "model": "chat.notification",
    "pk": 62,
    "fields": {
        "user": 14,
        "chat_room": 19,
        "message": 44,
        "timestamp": "2023-06-15T21:48:06.788",
        "is_read": false
    }
},
{
    "model": "chat.notification",
    "pk": 63,
    "fields": {
        "user": 19,
        "chat_room": 19,
        "message": 44,
        "timestamp": "2023-06-15T21:48:06.792",
        "is_read": false
    }
},
{
    "model": "chat.notification",
    "pk": 64,
    "fields": {
        "user": 16,
        "chat_room": 4,
        "message": 45,
        "timestamp": "2023-06-15T21:50:04.453",
        "is_read": true
    }
},
{
    "model": "chat.notification",
    "pk": 65,
    "fields": {
        "user": 16,
        "chat_room": 21,
        "message": 46,
        "timestamp": "2023-06-15T21:50:42.667",
        "is_read": true
    }
},
{
    "model": "chat.notification",
    "pk": 66,
    "fields": {
        "user": 6,
        "chat_room": 19,
        "message": 47,
        "timestamp": "2023-06-15T21:51:17.563",
        "is_read": true
    }
},
{
    "model": "chat.notification",
    "pk": 67,
    "fields": {
        "user": 7,
        "chat_room": 19,
        "message": 47,
        "timestamp": "2023-06-15T21:51:17.570",
        "is_read": true
    }
},
{
    "model": "chat.notification",
    "pk": 68,
    "fields": {
        "user": 10,
        "chat_room": 19,
        "message": 47,
        "timestamp": "2023-06-15T21:51:17.575",
        "is_read": false
    }
},
{
    "model": "chat.notification",
    "pk": 69,
    "fields": {
        "user": 14,
        "chat_room": 19,
        "message": 47,
        "timestamp": "2023-06-15T21:51:17.579",
        "is_read": false
    }
},
{
    "model": "chat.notification",
    "pk": 70,
    "fields": {
        "user": 19,
        "chat_room": 19,
        "message": 47,
        "timestamp": "2023-06-15T21:51:17.584",
        "is_read": false
    }
},
{
    "model": "chat.notification",
    "pk": 71,
    "fields": {
        "user": 4,
        "chat_room": 19,
        "message": 48,
        "timestamp": "2023-06-15T21:55:33.932",
        "is_read": false
    }
},
{
    "model": "chat.notification",
    "pk": 72,
    "fields": {
        "user": 7,
        "chat_room": 19,
        "message": 48,
        "timestamp": "2023-06-15T21:55:33.938",
        "is_read": true
    }
},
{
    "model": "chat.notification",
    "pk": 73,
    "fields": {
        "user": 10,
        "chat_room": 19,
        "message": 48,
        "timestamp": "2023-06-15T21:55:33.943",
        "is_read": false
    }
},
{
    "model": "chat.notification",
    "pk": 74,
    "fields": {
        "user": 14,
        "chat_room": 19,
        "message": 48,
        "timestamp": "2023-06-15T21:55:33.948",
        "is_read": false
    }
},
{
    "model": "chat.notification",
    "pk": 75,
    "fields": {
        "user": 19,
        "chat_room": 19,
        "message": 48,
        "timestamp": "2023-06-15T21:55:33.952",
        "is_read": false
    }
},
{
    "model": "chat.notification",
    "pk": 76,
    "fields": {
        "user": 4,
        "chat_room": 19,
        "message": 49,
        "timestamp": "2023-06-15T22:01:53.232",
        "is_read": false
    }
},
{
    "model": "chat.notification",
    "pk": 77,
    "fields": {
        "user": 6,
        "chat_room": 19,
        "message": 49,
        "timestamp": "2023-06-15T22:01:53.238",
        "is_read": false
    }
},
{
    "model": "chat.notification",
    "pk": 78,
    "fields": {
        "user": 10,
        "chat_room": 19,
        "message": 49,
        "timestamp": "2023-06-15T22:01:53.243",
        "is_read": false
    }
},
{
    "model": "chat.notification",
    "pk": 79,
    "fields": {
        "user": 14,
        "chat_room": 19,
        "message": 49,
        "timestamp": "2023-06-15T22:01:53.248",
        "is_read": false
    }
},
{
    "model": "chat.notification",
    "pk": 80,
    "fields": {
        "user": 19,
        "chat_room": 19,
        "message": 49,
        "timestamp": "2023-06-15T22:01:53.253",
        "is_read": false
    }
},
{
    "model": "chat.notification",
    "pk": 81,
    "fields": {
        "user": 19,
        "chat_room": 20,
        "message": 50,
        "timestamp": "2023-06-15T22:02:26.833",
        "is_read": false
    }
},
{
    "model": "chat.notification",
    "pk": 82,
    "fields": {
        "user": 19,
        "chat_room": 20,
        "message": 51,
        "timestamp": "2023-06-15T22:02:57.639",
        "is_read": false
    }
},
{
    "model": "chat.notification",
    "pk": 83,
    "fields": {
        "user": 8,
        "chat_room": 21,
        "message": 52,
        "timestamp": "2023-06-15T22:03:06.248",
        "is_read": false
    }
},
{
    "model": "taggit.tag",
    "pk": 1,
    "fields": {
        "name": "",
        "slug": ""
    }
},
{
    "model": "taggit.tag",
    "pk": 2,
    "fields": {
        "name": "#환경",
        "slug": "환경"
    }
},
{
    "model": "taggit.tag",
    "pk": 3,
    "fields": {
        "name": "#일회용품",
        "slug": "일회용품"
    }
},
{
    "model": "taggit.tag",
    "pk": 4,
    "fields": {
        "name": "일회용품",
        "slug": "일회용품_1"
    }
},
{
    "model": "taggit.tag",
    "pk": 5,
    "fields": {
        "name": "환경",
        "slug": "환경_1"
    }
},
{
    "model": "taggit.tag",
    "pk": 6,
    "fields": {
        "name": "꿀벌",
        "slug": "꿀벌"
    }
},
{
    "model": "taggit.tag",
    "pk": 7,
    "fields": {
        "name": "제로웨이스트",
        "slug": "제로웨이스트"
    }
},
{
    "model": "taggit.tag",
    "pk": 8,
    "fields": {
        "name": "태도",
        "slug": "태도"
    }
},
{
    "model": "taggit.tag",
    "pk": 9,
    "fields": {
        "name": "재사용",
        "slug": "재사용"
    }
},
{
    "model": "taggit.tag",
    "pk": 10,
    "fields": {
        "name": "탄소중립",
        "slug": "탄소중립"
    }
},
{
    "model": "taggit.tag",
    "pk": 11,
    "fields": {
        "name": "나무심기",
        "slug": "나무심기"
    }
},
{
    "model": "taggit.tag",
    "pk": 12,
    "fields": {
        "name": "식목일",
        "slug": "식목일"
    }
},
{
    "model": "taggit.tag",
    "pk": 13,
    "fields": {
        "name": "대기오염",
        "slug": "대기오염"
    }
},
{
    "model": "taggit.tag",
    "pk": 14,
    "fields": {
        "name": "숨좀쉬자",
        "slug": "숨좀쉬자"
    }
},
{
    "model": "taggit.tag",
    "pk": 15,
    "fields": {
        "name": "나라",
        "slug": "나라"
    }
},
{
    "model": "taggit.tag",
    "pk": 16,
    "fields": {
        "name": "줍깅",
        "slug": "줍깅"
    }
},
{
    "model": "taggit.tag",
    "pk": 17,
    "fields": {
        "name": "이산화탄소",
        "slug": "이산화탄소"
    }
},
{
    "model": "taggit.tag",
    "pk": 18,
    "fields": {
        "name": "공장",
        "slug": "공장"
    }
},
{
    "model": "taggit.tag",
    "pk": 19,
    "fields": {
        "name": "산업",
        "slug": "산업"
    }
},
{
    "model": "taggit.tag",
    "pk": 20,
    "fields": {
        "name": "플라스틱",
        "slug": "플라스틱"
    }
},
{
    "model": "taggit.tag",
    "pk": 21,
    "fields": {
        "name": "과학",
        "slug": "과학"
    }
},
{
    "model": "taggit.tag",
    "pk": 22,
    "fields": {
        "name": "재활용",
        "slug": "재활용"
    }
},
{
    "model": "taggit.tag",
    "pk": 23,
    "fields": {
        "name": "원리",
        "slug": "원리"
    }
},
{
    "model": "taggit.tag",
    "pk": 24,
    "fields": {
        "name": "멸종위기",
        "slug": "멸종위기"
    }
},
{
    "model": "taggit.tag",
    "pk": 25,
    "fields": {
        "name": "보노보노",
        "slug": "보노보노"
    }
},
{
    "model": "taggit.tag",
    "pk": 26,
    "fields": {
        "name": "지구",
        "slug": "지구"
    }
},
{
    "model": "taggit.tag",
    "pk": 27,
    "fields": {
        "name": "해양오염",
        "slug": "해양오염"
    }
},
{
    "model": "taggit.tag",
    "pk": 28,
    "fields": {
        "name": "발명품",
        "slug": "발명품"
    }
},
{
    "model": "taggit.tag",
    "pk": 29,
    "fields": {
        "name": "자연",
        "slug": "자연"
    }
},
{
    "model": "taggit.tag",
    "pk": 30,
    "fields": {
        "name": "지구의날",
        "slug": "지구의날"
    }
},
{
    "model": "taggit.tag",
    "pk": 31,
    "fields": {
        "name": "플로깅",
        "slug": "플로깅"
    }
},
{
    "model": "taggit.taggeditem",
    "pk": 1,
    "fields": {
        "tag": 1,
        "content_type": 7,
        "object_id": 1
    }
},
{
    "model": "taggit.taggeditem",
    "pk": 5,
    "fields": {
        "tag": 4,
        "content_type": 7,
        "object_id": 2
    }
},
{
    "model": "taggit.taggeditem",
    "pk": 6,
    "fields": {
        "tag": 5,
        "content_type": 7,
        "object_id": 2
    }
},
{
    "model": "taggit.taggeditem",
    "pk": 7,
    "fields": {
        "tag": 6,
        "content_type": 7,
        "object_id": 3
    }
},
{
    "model": "taggit.taggeditem",
    "pk": 8,
    "fields": {
        "tag": 7,
        "content_type": 7,
        "object_id": 4
    }
},
{
    "model": "taggit.taggeditem",
    "pk": 9,
    "fields": {
        "tag": 8,
        "content_type": 7,
        "object_id": 4
    }
},
{
    "model": "taggit.taggeditem",
    "pk": 10,
    "fields": {
        "tag": 9,
        "content_type": 7,
        "object_id": 4
    }
},
{
    "model": "taggit.taggeditem",
    "pk": 11,
    "fields": {
        "tag": 1,
        "content_type": 7,
        "object_id": 4
    }
},
{
    "model": "taggit.taggeditem",
    "pk": 13,
    "fields": {
        "tag": 1,
        "content_type": 7,
        "object_id": 6
    }
},
{
    "model": "taggit.taggeditem",
    "pk": 14,
    "fields": {
        "tag": 11,
        "content_type": 7,
        "object_id": 7
    }
},
{
    "model": "taggit.taggeditem",
    "pk": 15,
    "fields": {
        "tag": 5,
        "content_type": 7,
        "object_id": 7
    }
},
{
    "model": "taggit.taggeditem",
    "pk": 16,
    "fields": {
        "tag": 12,
        "content_type": 7,
        "object_id": 7
    }
},
{
    "model": "taggit.taggeditem",
    "pk": 17,
    "fields": {
        "tag": 13,
        "content_type": 7,
        "object_id": 8
    }
},
{
    "model": "taggit.taggeditem",
    "pk": 18,
    "fields": {
        "tag": 14,
        "content_type": 7,
        "object_id": 8
    }
},
{
    "model": "taggit.taggeditem",
    "pk": 19,
    "fields": {
        "tag": 1,
        "content_type": 7,
        "object_id": 8
    }
},
{
    "model": "taggit.taggeditem",
    "pk": 20,
    "fields": {
        "tag": 5,
        "content_type": 7,
        "object_id": 9
    }
},
{
    "model": "taggit.taggeditem",
    "pk": 21,
    "fields": {
        "tag": 15,
        "content_type": 7,
        "object_id": 9
    }
},
{
    "model": "taggit.taggeditem",
    "pk": 22,
    "fields": {
        "tag": 16,
        "content_type": 7,
        "object_id": 9
    }
},
{
    "model": "taggit.taggeditem",
    "pk": 23,
    "fields": {
        "tag": 10,
        "content_type": 7,
        "object_id": 10
    }
},
{
    "model": "taggit.taggeditem",
    "pk": 24,
    "fields": {
        "tag": 17,
        "content_type": 7,
        "object_id": 10
    }
},
{
    "model": "taggit.taggeditem",
    "pk": 25,
    "fields": {
        "tag": 18,
        "content_type": 7,
        "object_id": 10
    }
},
{
    "model": "taggit.taggeditem",
    "pk": 26,
    "fields": {
        "tag": 19,
        "content_type": 7,
        "object_id": 10
    }
},
{
    "model": "taggit.taggeditem",
    "pk": 31,
    "fields": {
        "tag": 24,
        "content_type": 7,
        "object_id": 12
    }
},
{
    "model": "taggit.taggeditem",
    "pk": 32,
    "fields": {
        "tag": 25,
        "content_type": 7,
        "object_id": 12
    }
},
{
    "model": "taggit.taggeditem",
    "pk": 33,
    "fields": {
        "tag": 5,
        "content_type": 7,
        "object_id": 12
    }
},
{
    "model": "taggit.taggeditem",
    "pk": 34,
    "fields": {
        "tag": 5,
        "content_type": 7,
        "object_id": 13
    }
},
{
    "model": "taggit.taggeditem",
    "pk": 35,
    "fields": {
        "tag": 26,
        "content_type": 7,
        "object_id": 13
    }
},
{
    "model": "taggit.taggeditem",
    "pk": 36,
    "fields": {
        "tag": 13,
        "content_type": 7,
        "object_id": 13
    }
},
{
    "model": "taggit.taggeditem",
    "pk": 37,
    "fields": {
        "tag": 27,
        "content_type": 7,
        "object_id": 13
    }
},
{
    "model": "taggit.taggeditem",
    "pk": 38,
    "fields": {
        "tag": 5,
        "content_type": 7,
        "object_id": 14
    }
},
{
    "model": "taggit.taggeditem",
    "pk": 39,
    "fields": {
        "tag": 28,
        "content_type": 7,
        "object_id": 14
    }
},
{
    "model": "taggit.taggeditem",
    "pk": 40,
    "fields": {
        "tag": 10,
        "content_type": 7,
        "object_id": 5
    }
},
{
    "model": "taggit.taggeditem",
    "pk": 41,
    "fields": {
        "tag": 21,
        "content_type": 7,
        "object_id": 11
    }
},
{
    "model": "taggit.taggeditem",
    "pk": 42,
    "fields": {
        "tag": 23,
        "content_type": 7,
        "object_id": 11
    }
},
{
    "model": "taggit.taggeditem",
    "pk": 43,
    "fields": {
        "tag": 22,
        "content_type": 7,
        "object_id": 11
    }
},
{
    "model": "taggit.taggeditem",
    "pk": 44,
    "fields": {
        "tag": 20,
        "content_type": 7,
        "object_id": 11
    }
},
{
    "model": "taggit.taggeditem",
    "pk": 45,
    "fields": {
        "tag": 29,
        "content_type": 7,
        "object_id": 15
    }
},
{
    "model": "taggit.taggeditem",
    "pk": 46,
    "fields": {
        "tag": 5,
        "content_type": 7,
        "object_id": 15
    }
},
{
    "model": "taggit.taggeditem",
    "pk": 47,
    "fields": {
        "tag": 26,
        "content_type": 7,
        "object_id": 16
    }
},
{
    "model": "taggit.taggeditem",
    "pk": 48,
    "fields": {
        "tag": 5,
        "content_type": 7,
        "object_id": 16
    }
},
{
    "model": "taggit.taggeditem",
    "pk": 49,
    "fields": {
        "tag": 30,
        "content_type": 7,
        "object_id": 16
    }
},
{
    "model": "taggit.taggeditem",
    "pk": 50,
    "fields": {
        "tag": 20,
        "content_type": 7,
        "object_id": 17
    }
},
{
    "model": "taggit.taggeditem",
    "pk": 51,
    "fields": {
        "tag": 7,
        "content_type": 7,
        "object_id": 17
    }
},
{
    "model": "taggit.taggeditem",
    "pk": 52,
    "fields": {
        "tag": 10,
        "content_type": 7,
        "object_id": 17
    }
},
{
    "model": "taggit.taggeditem",
    "pk": 53,
    "fields": {
        "tag": 31,
        "content_type": 7,
        "object_id": 18
    }
},
{
    "model": "taggit.taggeditem",
    "pk": 54,
    "fields": {
        "tag": 16,
        "content_type": 7,
        "object_id": 18
    }
},
{
    "model": "admin.logentry",
    "pk": 1,
    "fields": {
        "action_time": "2023-06-15T16:51:09.052",
        "user": 1,
        "content_type": 1,
        "object_id": "6",
        "object_repr": "yuyoung",
        "action_flag": 2,
        "change_message": "[{\"changed\": {\"fields\": [\"Staff status\", \"Superuser status\"]}}]"
    }
},
{
    "model": "admin.logentry",
    "pk": 2,
    "fields": {
        "action_time": "2023-06-15T16:51:27.389",
        "user": 1,
        "content_type": 1,
        "object_id": "1",
        "object_repr": "admin",
        "action_flag": 2,
        "change_message": "[{\"changed\": {\"fields\": [\"First name\", \"Last name\"]}}]"
    }
},
{
    "model": "auth.permission",
    "pk": 1,
    "fields": {
        "name": "Can add user",
        "content_type": 1,
        "codename": "add_user"
    }
},
{
    "model": "auth.permission",
    "pk": 2,
    "fields": {
        "name": "Can change user",
        "content_type": 1,
        "codename": "change_user"
    }
},
{
    "model": "auth.permission",
    "pk": 3,
    "fields": {
        "name": "Can delete user",
        "content_type": 1,
        "codename": "delete_user"
    }
},
{
    "model": "auth.permission",
    "pk": 4,
    "fields": {
        "name": "Can view user",
        "content_type": 1,
        "codename": "view_user"
    }
},
{
    "model": "auth.permission",
    "pk": 5,
    "fields": {
        "name": "Can add point log",
        "content_type": 2,
        "codename": "add_pointlog"
    }
},
{
    "model": "auth.permission",
    "pk": 6,
    "fields": {
        "name": "Can change point log",
        "content_type": 2,
        "codename": "change_pointlog"
    }
},
{
    "model": "auth.permission",
    "pk": 7,
    "fields": {
        "name": "Can delete point log",
        "content_type": 2,
        "codename": "delete_pointlog"
    }
},
{
    "model": "auth.permission",
    "pk": 8,
    "fields": {
        "name": "Can view point log",
        "content_type": 2,
        "codename": "view_pointlog"
    }
},
{
    "model": "auth.permission",
    "pk": 9,
    "fields": {
        "name": "Can add point log item",
        "content_type": 3,
        "codename": "add_pointlogitem"
    }
},
{
    "model": "auth.permission",
    "pk": 10,
    "fields": {
        "name": "Can change point log item",
        "content_type": 3,
        "codename": "change_pointlogitem"
    }
},
{
    "model": "auth.permission",
    "pk": 11,
    "fields": {
        "name": "Can delete point log item",
        "content_type": 3,
        "codename": "delete_pointlogitem"
    }
},
{
    "model": "auth.permission",
    "pk": 12,
    "fields": {
        "name": "Can view point log item",
        "content_type": 3,
        "codename": "view_pointlogitem"
    }
},
{
    "model": "auth.permission",
    "pk": 13,
    "fields": {
        "name": "Can add challenge",
        "content_type": 4,
        "codename": "add_challenge"
    }
},
{
    "model": "auth.permission",
    "pk": 14,
    "fields": {
        "name": "Can change challenge",
        "content_type": 4,
        "codename": "change_challenge"
    }
},
{
    "model": "auth.permission",
    "pk": 15,
    "fields": {
        "name": "Can delete challenge",
        "content_type": 4,
        "codename": "delete_challenge"
    }
},
{
    "model": "auth.permission",
    "pk": 16,
    "fields": {
        "name": "Can view challenge",
        "content_type": 4,
        "codename": "view_challenge"
    }
},
{
    "model": "auth.permission",
    "pk": 17,
    "fields": {
        "name": "Can add challenge image",
        "content_type": 5,
        "codename": "add_challengeimage"
    }
},
{
    "model": "auth.permission",
    "pk": 18,
    "fields": {
        "name": "Can change challenge image",
        "content_type": 5,
        "codename": "change_challengeimage"
    }
},
{
    "model": "auth.permission",
    "pk": 19,
    "fields": {
        "name": "Can delete challenge image",
        "content_type": 5,
        "codename": "delete_challengeimage"
    }
},
{
    "model": "auth.permission",
    "pk": 20,
    "fields": {
        "name": "Can view challenge image",
        "content_type": 5,
        "codename": "view_challengeimage"
    }
},
{
    "model": "auth.permission",
    "pk": 21,
    "fields": {
        "name": "Can add certification",
        "content_type": 6,
        "codename": "add_certification"
    }
},
{
    "model": "auth.permission",
    "pk": 22,
    "fields": {
        "name": "Can change certification",
        "content_type": 6,
        "codename": "change_certification"
    }
},
{
    "model": "auth.permission",
    "pk": 23,
    "fields": {
        "name": "Can delete certification",
        "content_type": 6,
        "codename": "delete_certification"
    }
},
{
    "model": "auth.permission",
    "pk": 24,
    "fields": {
        "name": "Can view certification",
        "content_type": 6,
        "codename": "view_certification"
    }
},
{
    "model": "auth.permission",
    "pk": 25,
    "fields": {
        "name": "Can add post",
        "content_type": 7,
        "codename": "add_post"
    }
},
{
    "model": "auth.permission",
    "pk": 26,
    "fields": {
        "name": "Can change post",
        "content_type": 7,
        "codename": "change_post"
    }
},
{
    "model": "auth.permission",
    "pk": 27,
    "fields": {
        "name": "Can delete post",
        "content_type": 7,
        "codename": "delete_post"
    }
},
{
    "model": "auth.permission",
    "pk": 28,
    "fields": {
        "name": "Can view post",
        "content_type": 7,
        "codename": "view_post"
    }
},
{
    "model": "auth.permission",
    "pk": 29,
    "fields": {
        "name": "Can add review",
        "content_type": 8,
        "codename": "add_review"
    }
},
{
    "model": "auth.permission",
    "pk": 30,
    "fields": {
        "name": "Can change review",
        "content_type": 8,
        "codename": "change_review"
    }
},
{
    "model": "auth.permission",
    "pk": 31,
    "fields": {
        "name": "Can delete review",
        "content_type": 8,
        "codename": "delete_review"
    }
},
{
    "model": "auth.permission",
    "pk": 32,
    "fields": {
        "name": "Can view review",
        "content_type": 8,
        "codename": "view_review"
    }
},
{
    "model": "auth.permission",
    "pk": 33,
    "fields": {
        "name": "Can add zero",
        "content_type": 9,
        "codename": "add_zero"
    }
},
{
    "model": "auth.permission",
    "pk": 34,
    "fields": {
        "name": "Can change zero",
        "content_type": 9,
        "codename": "change_zero"
    }
},
{
    "model": "auth.permission",
    "pk": 35,
    "fields": {
        "name": "Can delete zero",
        "content_type": 9,
        "codename": "delete_zero"
    }
},
{
    "model": "auth.permission",
    "pk": 36,
    "fields": {
        "name": "Can view zero",
        "content_type": 9,
        "codename": "view_zero"
    }
},
{
    "model": "auth.permission",
    "pk": 37,
    "fields": {
        "name": "Can add review image",
        "content_type": 10,
        "codename": "add_reviewimage"
    }
},
{
    "model": "auth.permission",
    "pk": 38,
    "fields": {
        "name": "Can change review image",
        "content_type": 10,
        "codename": "change_reviewimage"
    }
},
{
    "model": "auth.permission",
    "pk": 39,
    "fields": {
        "name": "Can delete review image",
        "content_type": 10,
        "codename": "delete_reviewimage"
    }
},
{
    "model": "auth.permission",
    "pk": 40,
    "fields": {
        "name": "Can view review image",
        "content_type": 10,
        "codename": "view_reviewimage"
    }
},
{
    "model": "auth.permission",
    "pk": 41,
    "fields": {
        "name": "Can add post image",
        "content_type": 11,
        "codename": "add_postimage"
    }
},
{
    "model": "auth.permission",
    "pk": 42,
    "fields": {
        "name": "Can change post image",
        "content_type": 11,
        "codename": "change_postimage"
    }
},
{
    "model": "auth.permission",
    "pk": 43,
    "fields": {
        "name": "Can delete post image",
        "content_type": 11,
        "codename": "delete_postimage"
    }
},
{
    "model": "auth.permission",
    "pk": 44,
    "fields": {
        "name": "Can view post image",
        "content_type": 11,
        "codename": "view_postimage"
    }
},
{
    "model": "auth.permission",
    "pk": 45,
    "fields": {
        "name": "Can add product",
        "content_type": 12,
        "codename": "add_product"
    }
},
{
    "model": "auth.permission",
    "pk": 46,
    "fields": {
        "name": "Can change product",
        "content_type": 12,
        "codename": "change_product"
    }
},
{
    "model": "auth.permission",
    "pk": 47,
    "fields": {
        "name": "Can delete product",
        "content_type": 12,
        "codename": "delete_product"
    }
},
{
    "model": "auth.permission",
    "pk": 48,
    "fields": {
        "name": "Can view product",
        "content_type": 12,
        "codename": "view_product"
    }
},
{
    "model": "auth.permission",
    "pk": 49,
    "fields": {
        "name": "Can add store",
        "content_type": 13,
        "codename": "add_store"
    }
},
{
    "model": "auth.permission",
    "pk": 50,
    "fields": {
        "name": "Can change store",
        "content_type": 13,
        "codename": "change_store"
    }
},
{
    "model": "auth.permission",
    "pk": 51,
    "fields": {
        "name": "Can delete store",
        "content_type": 13,
        "codename": "delete_store"
    }
},
{
    "model": "auth.permission",
    "pk": 52,
    "fields": {
        "name": "Can view store",
        "content_type": 13,
        "codename": "view_store"
    }
},
{
    "model": "auth.permission",
    "pk": 53,
    "fields": {
        "name": "Can add product review",
        "content_type": 14,
        "codename": "add_productreview"
    }
},
{
    "model": "auth.permission",
    "pk": 54,
    "fields": {
        "name": "Can change product review",
        "content_type": 14,
        "codename": "change_productreview"
    }
},
{
    "model": "auth.permission",
    "pk": 55,
    "fields": {
        "name": "Can delete product review",
        "content_type": 14,
        "codename": "delete_productreview"
    }
},
{
    "model": "auth.permission",
    "pk": 56,
    "fields": {
        "name": "Can view product review",
        "content_type": 14,
        "codename": "view_productreview"
    }
},
{
    "model": "auth.permission",
    "pk": 57,
    "fields": {
        "name": "Can add product image",
        "content_type": 15,
        "codename": "add_productimage"
    }
},
{
    "model": "auth.permission",
    "pk": 58,
    "fields": {
        "name": "Can change product image",
        "content_type": 15,
        "codename": "change_productimage"
    }
},
{
    "model": "auth.permission",
    "pk": 59,
    "fields": {
        "name": "Can delete product image",
        "content_type": 15,
        "codename": "delete_productimage"
    }
},
{
    "model": "auth.permission",
    "pk": 60,
    "fields": {
        "name": "Can view product image",
        "content_type": 15,
        "codename": "view_productimage"
    }
},
{
    "model": "auth.permission",
    "pk": 61,
    "fields": {
        "name": "Can add s_ product",
        "content_type": 16,
        "codename": "add_s_product"
    }
},
{
    "model": "auth.permission",
    "pk": 62,
    "fields": {
        "name": "Can change s_ product",
        "content_type": 16,
        "codename": "change_s_product"
    }
},
{
    "model": "auth.permission",
    "pk": 63,
    "fields": {
        "name": "Can delete s_ product",
        "content_type": 16,
        "codename": "delete_s_product"
    }
},
{
    "model": "auth.permission",
    "pk": 64,
    "fields": {
        "name": "Can view s_ product",
        "content_type": 16,
        "codename": "view_s_product"
    }
},
{
    "model": "auth.permission",
    "pk": 65,
    "fields": {
        "name": "Can add s_ sales",
        "content_type": 17,
        "codename": "add_s_sales"
    }
},
{
    "model": "auth.permission",
    "pk": 66,
    "fields": {
        "name": "Can change s_ sales",
        "content_type": 17,
        "codename": "change_s_sales"
    }
},
{
    "model": "auth.permission",
    "pk": 67,
    "fields": {
        "name": "Can delete s_ sales",
        "content_type": 17,
        "codename": "delete_s_sales"
    }
},
{
    "model": "auth.permission",
    "pk": 68,
    "fields": {
        "name": "Can view s_ sales",
        "content_type": 17,
        "codename": "view_s_sales"
    }
},
{
    "model": "auth.permission",
    "pk": 69,
    "fields": {
        "name": "Can add s_ purchase",
        "content_type": 18,
        "codename": "add_s_purchase"
    }
},
{
    "model": "auth.permission",
    "pk": 70,
    "fields": {
        "name": "Can change s_ purchase",
        "content_type": 18,
        "codename": "change_s_purchase"
    }
},
{
    "model": "auth.permission",
    "pk": 71,
    "fields": {
        "name": "Can delete s_ purchase",
        "content_type": 18,
        "codename": "delete_s_purchase"
    }
},
{
    "model": "auth.permission",
    "pk": 72,
    "fields": {
        "name": "Can view s_ purchase",
        "content_type": 18,
        "codename": "view_s_purchase"
    }
},
{
    "model": "auth.permission",
    "pk": 73,
    "fields": {
        "name": "Can add s_ product image",
        "content_type": 19,
        "codename": "add_s_productimage"
    }
},
{
    "model": "auth.permission",
    "pk": 74,
    "fields": {
        "name": "Can change s_ product image",
        "content_type": 19,
        "codename": "change_s_productimage"
    }
},
{
    "model": "auth.permission",
    "pk": 75,
    "fields": {
        "name": "Can delete s_ product image",
        "content_type": 19,
        "codename": "delete_s_productimage"
    }
},
{
    "model": "auth.permission",
    "pk": 76,
    "fields": {
        "name": "Can view s_ product image",
        "content_type": 19,
        "codename": "view_s_productimage"
    }
},
{
    "model": "auth.permission",
    "pk": 77,
    "fields": {
        "name": "Can add cart",
        "content_type": 20,
        "codename": "add_cart"
    }
},
{
    "model": "auth.permission",
    "pk": 78,
    "fields": {
        "name": "Can change cart",
        "content_type": 20,
        "codename": "change_cart"
    }
},
{
    "model": "auth.permission",
    "pk": 79,
    "fields": {
        "name": "Can delete cart",
        "content_type": 20,
        "codename": "delete_cart"
    }
},
{
    "model": "auth.permission",
    "pk": 80,
    "fields": {
        "name": "Can view cart",
        "content_type": 20,
        "codename": "view_cart"
    }
},
{
    "model": "auth.permission",
    "pk": 81,
    "fields": {
        "name": "Can add order",
        "content_type": 21,
        "codename": "add_order"
    }
},
{
    "model": "auth.permission",
    "pk": 82,
    "fields": {
        "name": "Can change order",
        "content_type": 21,
        "codename": "change_order"
    }
},
{
    "model": "auth.permission",
    "pk": 83,
    "fields": {
        "name": "Can delete order",
        "content_type": 21,
        "codename": "delete_order"
    }
},
{
    "model": "auth.permission",
    "pk": 84,
    "fields": {
        "name": "Can view order",
        "content_type": 21,
        "codename": "view_order"
    }
},
{
    "model": "auth.permission",
    "pk": 85,
    "fields": {
        "name": "Can add order item",
        "content_type": 22,
        "codename": "add_orderitem"
    }
},
{
    "model": "auth.permission",
    "pk": 86,
    "fields": {
        "name": "Can change order item",
        "content_type": 22,
        "codename": "change_orderitem"
    }
},
{
    "model": "auth.permission",
    "pk": 87,
    "fields": {
        "name": "Can delete order item",
        "content_type": 22,
        "codename": "delete_orderitem"
    }
},
{
    "model": "auth.permission",
    "pk": 88,
    "fields": {
        "name": "Can view order item",
        "content_type": 22,
        "codename": "view_orderitem"
    }
},
{
    "model": "auth.permission",
    "pk": 89,
    "fields": {
        "name": "Can add cart item",
        "content_type": 23,
        "codename": "add_cartitem"
    }
},
{
    "model": "auth.permission",
    "pk": 90,
    "fields": {
        "name": "Can change cart item",
        "content_type": 23,
        "codename": "change_cartitem"
    }
},
{
    "model": "auth.permission",
    "pk": 91,
    "fields": {
        "name": "Can delete cart item",
        "content_type": 23,
        "codename": "delete_cartitem"
    }
},
{
    "model": "auth.permission",
    "pk": 92,
    "fields": {
        "name": "Can view cart item",
        "content_type": 23,
        "codename": "view_cartitem"
    }
},
{
    "model": "auth.permission",
    "pk": 93,
    "fields": {
        "name": "Can add chat room",
        "content_type": 24,
        "codename": "add_chatroom"
    }
},
{
    "model": "auth.permission",
    "pk": 94,
    "fields": {
        "name": "Can change chat room",
        "content_type": 24,
        "codename": "change_chatroom"
    }
},
{
    "model": "auth.permission",
    "pk": 95,
    "fields": {
        "name": "Can delete chat room",
        "content_type": 24,
        "codename": "delete_chatroom"
    }
},
{
    "model": "auth.permission",
    "pk": 96,
    "fields": {
        "name": "Can view chat room",
        "content_type": 24,
        "codename": "view_chatroom"
    }
},
{
    "model": "auth.permission",
    "pk": 97,
    "fields": {
        "name": "Can add message",
        "content_type": 25,
        "codename": "add_message"
    }
},
{
    "model": "auth.permission",
    "pk": 98,
    "fields": {
        "name": "Can change message",
        "content_type": 25,
        "codename": "change_message"
    }
},
{
    "model": "auth.permission",
    "pk": 99,
    "fields": {
        "name": "Can delete message",
        "content_type": 25,
        "codename": "delete_message"
    }
},
{
    "model": "auth.permission",
    "pk": 100,
    "fields": {
        "name": "Can view message",
        "content_type": 25,
        "codename": "view_message"
    }
},
{
    "model": "auth.permission",
    "pk": 101,
    "fields": {
        "name": "Can add notification",
        "content_type": 26,
        "codename": "add_notification"
    }
},
{
    "model": "auth.permission",
    "pk": 102,
    "fields": {
        "name": "Can change notification",
        "content_type": 26,
        "codename": "change_notification"
    }
},
{
    "model": "auth.permission",
    "pk": 103,
    "fields": {
        "name": "Can delete notification",
        "content_type": 26,
        "codename": "delete_notification"
    }
},
{
    "model": "auth.permission",
    "pk": 104,
    "fields": {
        "name": "Can view notification",
        "content_type": 26,
        "codename": "view_notification"
    }
},
{
    "model": "auth.permission",
    "pk": 105,
    "fields": {
        "name": "Can add tag",
        "content_type": 27,
        "codename": "add_tag"
    }
},
{
    "model": "auth.permission",
    "pk": 106,
    "fields": {
        "name": "Can change tag",
        "content_type": 27,
        "codename": "change_tag"
    }
},
{
    "model": "auth.permission",
    "pk": 107,
    "fields": {
        "name": "Can delete tag",
        "content_type": 27,
        "codename": "delete_tag"
    }
},
{
    "model": "auth.permission",
    "pk": 108,
    "fields": {
        "name": "Can view tag",
        "content_type": 27,
        "codename": "view_tag"
    }
},
{
    "model": "auth.permission",
    "pk": 109,
    "fields": {
        "name": "Can add tagged item",
        "content_type": 28,
        "codename": "add_taggeditem"
    }
},
{
    "model": "auth.permission",
    "pk": 110,
    "fields": {
        "name": "Can change tagged item",
        "content_type": 28,
        "codename": "change_taggeditem"
    }
},
{
    "model": "auth.permission",
    "pk": 111,
    "fields": {
        "name": "Can delete tagged item",
        "content_type": 28,
        "codename": "delete_taggeditem"
    }
},
{
    "model": "auth.permission",
    "pk": 112,
    "fields": {
        "name": "Can view tagged item",
        "content_type": 28,
        "codename": "view_taggeditem"
    }
},
{
    "model": "auth.permission",
    "pk": 113,
    "fields": {
        "name": "Can add log entry",
        "content_type": 29,
        "codename": "add_logentry"
    }
},
{
    "model": "auth.permission",
    "pk": 114,
    "fields": {
        "name": "Can change log entry",
        "content_type": 29,
        "codename": "change_logentry"
    }
},
{
    "model": "auth.permission",
    "pk": 115,
    "fields": {
        "name": "Can delete log entry",
        "content_type": 29,
        "codename": "delete_logentry"
    }
},
{
    "model": "auth.permission",
    "pk": 116,
    "fields": {
        "name": "Can view log entry",
        "content_type": 29,
        "codename": "view_logentry"
    }
},
{
    "model": "auth.permission",
    "pk": 117,
    "fields": {
        "name": "Can add permission",
        "content_type": 30,
        "codename": "add_permission"
    }
},
{
    "model": "auth.permission",
    "pk": 118,
    "fields": {
        "name": "Can change permission",
        "content_type": 30,
        "codename": "change_permission"
    }
},
{
    "model": "auth.permission",
    "pk": 119,
    "fields": {
        "name": "Can delete permission",
        "content_type": 30,
        "codename": "delete_permission"
    }
},
{
    "model": "auth.permission",
    "pk": 120,
    "fields": {
        "name": "Can view permission",
        "content_type": 30,
        "codename": "view_permission"
    }
},
{
    "model": "auth.permission",
    "pk": 121,
    "fields": {
        "name": "Can add group",
        "content_type": 31,
        "codename": "add_group"
    }
},
{
    "model": "auth.permission",
    "pk": 122,
    "fields": {
        "name": "Can change group",
        "content_type": 31,
        "codename": "change_group"
    }
},
{
    "model": "auth.permission",
    "pk": 123,
    "fields": {
        "name": "Can delete group",
        "content_type": 31,
        "codename": "delete_group"
    }
},
{
    "model": "auth.permission",
    "pk": 124,
    "fields": {
        "name": "Can view group",
        "content_type": 31,
        "codename": "view_group"
    }
},
{
    "model": "auth.permission",
    "pk": 125,
    "fields": {
        "name": "Can add content type",
        "content_type": 32,
        "codename": "add_contenttype"
    }
},
{
    "model": "auth.permission",
    "pk": 126,
    "fields": {
        "name": "Can change content type",
        "content_type": 32,
        "codename": "change_contenttype"
    }
},
{
    "model": "auth.permission",
    "pk": 127,
    "fields": {
        "name": "Can delete content type",
        "content_type": 32,
        "codename": "delete_contenttype"
    }
},
{
    "model": "auth.permission",
    "pk": 128,
    "fields": {
        "name": "Can view content type",
        "content_type": 32,
        "codename": "view_contenttype"
    }
},
{
    "model": "auth.permission",
    "pk": 129,
    "fields": {
        "name": "Can add session",
        "content_type": 33,
        "codename": "add_session"
    }
},
{
    "model": "auth.permission",
    "pk": 130,
    "fields": {
        "name": "Can change session",
        "content_type": 33,
        "codename": "change_session"
    }
},
{
    "model": "auth.permission",
    "pk": 131,
    "fields": {
        "name": "Can delete session",
        "content_type": 33,
        "codename": "delete_session"
    }
},
{
    "model": "auth.permission",
    "pk": 132,
    "fields": {
        "name": "Can view session",
        "content_type": 33,
        "codename": "view_session"
    }
},
{
    "model": "auth.permission",
    "pk": 133,
    "fields": {
        "name": "Can add site",
        "content_type": 34,
        "codename": "add_site"
    }
},
{
    "model": "auth.permission",
    "pk": 134,
    "fields": {
        "name": "Can change site",
        "content_type": 34,
        "codename": "change_site"
    }
},
{
    "model": "auth.permission",
    "pk": 135,
    "fields": {
        "name": "Can delete site",
        "content_type": 34,
        "codename": "delete_site"
    }
},
{
    "model": "auth.permission",
    "pk": 136,
    "fields": {
        "name": "Can view site",
        "content_type": 34,
        "codename": "view_site"
    }
},
{
    "model": "auth.permission",
    "pk": 137,
    "fields": {
        "name": "Can add email address",
        "content_type": 35,
        "codename": "add_emailaddress"
    }
},
{
    "model": "auth.permission",
    "pk": 138,
    "fields": {
        "name": "Can change email address",
        "content_type": 35,
        "codename": "change_emailaddress"
    }
},
{
    "model": "auth.permission",
    "pk": 139,
    "fields": {
        "name": "Can delete email address",
        "content_type": 35,
        "codename": "delete_emailaddress"
    }
},
{
    "model": "auth.permission",
    "pk": 140,
    "fields": {
        "name": "Can view email address",
        "content_type": 35,
        "codename": "view_emailaddress"
    }
},
{
    "model": "auth.permission",
    "pk": 141,
    "fields": {
        "name": "Can add email confirmation",
        "content_type": 36,
        "codename": "add_emailconfirmation"
    }
},
{
    "model": "auth.permission",
    "pk": 142,
    "fields": {
        "name": "Can change email confirmation",
        "content_type": 36,
        "codename": "change_emailconfirmation"
    }
},
{
    "model": "auth.permission",
    "pk": 143,
    "fields": {
        "name": "Can delete email confirmation",
        "content_type": 36,
        "codename": "delete_emailconfirmation"
    }
},
{
    "model": "auth.permission",
    "pk": 144,
    "fields": {
        "name": "Can view email confirmation",
        "content_type": 36,
        "codename": "view_emailconfirmation"
    }
},
{
    "model": "auth.permission",
    "pk": 145,
    "fields": {
        "name": "Can add social account",
        "content_type": 37,
        "codename": "add_socialaccount"
    }
},
{
    "model": "auth.permission",
    "pk": 146,
    "fields": {
        "name": "Can change social account",
        "content_type": 37,
        "codename": "change_socialaccount"
    }
},
{
    "model": "auth.permission",
    "pk": 147,
    "fields": {
        "name": "Can delete social account",
        "content_type": 37,
        "codename": "delete_socialaccount"
    }
},
{
    "model": "auth.permission",
    "pk": 148,
    "fields": {
        "name": "Can view social account",
        "content_type": 37,
        "codename": "view_socialaccount"
    }
},
{
    "model": "auth.permission",
    "pk": 149,
    "fields": {
        "name": "Can add social application",
        "content_type": 38,
        "codename": "add_socialapp"
    }
},
{
    "model": "auth.permission",
    "pk": 150,
    "fields": {
        "name": "Can change social application",
        "content_type": 38,
        "codename": "change_socialapp"
    }
},
{
    "model": "auth.permission",
    "pk": 151,
    "fields": {
        "name": "Can delete social application",
        "content_type": 38,
        "codename": "delete_socialapp"
    }
},
{
    "model": "auth.permission",
    "pk": 152,
    "fields": {
        "name": "Can view social application",
        "content_type": 38,
        "codename": "view_socialapp"
    }
},
{
    "model": "auth.permission",
    "pk": 153,
    "fields": {
        "name": "Can add social application token",
        "content_type": 39,
        "codename": "add_socialtoken"
    }
},
{
    "model": "auth.permission",
    "pk": 154,
    "fields": {
        "name": "Can change social application token",
        "content_type": 39,
        "codename": "change_socialtoken"
    }
},
{
    "model": "auth.permission",
    "pk": 155,
    "fields": {
        "name": "Can delete social application token",
        "content_type": 39,
        "codename": "delete_socialtoken"
    }
},
{
    "model": "auth.permission",
    "pk": 156,
    "fields": {
        "name": "Can view social application token",
        "content_type": 39,
        "codename": "view_socialtoken"
    }
},
{
    "model": "contenttypes.contenttype",
    "pk": 1,
    "fields": {
        "app_label": "accounts",
        "model": "user"
    }
},
{
    "model": "contenttypes.contenttype",
    "pk": 2,
    "fields": {
        "app_label": "accounts",
        "model": "pointlog"
    }
},
{
    "model": "contenttypes.contenttype",
    "pk": 3,
    "fields": {
        "app_label": "accounts",
        "model": "pointlogitem"
    }
},
{
    "model": "contenttypes.contenttype",
    "pk": 4,
    "fields": {
        "app_label": "challenges",
        "model": "challenge"
    }
},
{
    "model": "contenttypes.contenttype",
    "pk": 5,
    "fields": {
        "app_label": "challenges",
        "model": "challengeimage"
    }
},
{
    "model": "contenttypes.contenttype",
    "pk": 6,
    "fields": {
        "app_label": "challenges",
        "model": "certification"
    }
},
{
    "model": "contenttypes.contenttype",
    "pk": 7,
    "fields": {
        "app_label": "posts",
        "model": "post"
    }
},
{
    "model": "contenttypes.contenttype",
    "pk": 8,
    "fields": {
        "app_label": "posts",
        "model": "review"
    }
},
{
    "model": "contenttypes.contenttype",
    "pk": 9,
    "fields": {
        "app_label": "posts",
        "model": "zero"
    }
},
{
    "model": "contenttypes.contenttype",
    "pk": 10,
    "fields": {
        "app_label": "posts",
        "model": "reviewimage"
    }
},
{
    "model": "contenttypes.contenttype",
    "pk": 11,
    "fields": {
        "app_label": "posts",
        "model": "postimage"
    }
},
{
    "model": "contenttypes.contenttype",
    "pk": 12,
    "fields": {
        "app_label": "stores",
        "model": "product"
    }
},
{
    "model": "contenttypes.contenttype",
    "pk": 13,
    "fields": {
        "app_label": "stores",
        "model": "store"
    }
},
{
    "model": "contenttypes.contenttype",
    "pk": 14,
    "fields": {
        "app_label": "stores",
        "model": "productreview"
    }
},
{
    "model": "contenttypes.contenttype",
    "pk": 15,
    "fields": {
        "app_label": "stores",
        "model": "productimage"
    }
},
{
    "model": "contenttypes.contenttype",
    "pk": 16,
    "fields": {
        "app_label": "secondhands",
        "model": "s_product"
    }
},
{
    "model": "contenttypes.contenttype",
    "pk": 17,
    "fields": {
        "app_label": "secondhands",
        "model": "s_sales"
    }
},
{
    "model": "contenttypes.contenttype",
    "pk": 18,
    "fields": {
        "app_label": "secondhands",
        "model": "s_purchase"
    }
},
{
    "model": "contenttypes.contenttype",
    "pk": 19,
    "fields": {
        "app_label": "secondhands",
        "model": "s_productimage"
    }
},
{
    "model": "contenttypes.contenttype",
    "pk": 20,
    "fields": {
        "app_label": "carts",
        "model": "cart"
    }
},
{
    "model": "contenttypes.contenttype",
    "pk": 21,
    "fields": {
        "app_label": "carts",
        "model": "order"
    }
},
{
    "model": "contenttypes.contenttype",
    "pk": 22,
    "fields": {
        "app_label": "carts",
        "model": "orderitem"
    }
},
{
    "model": "contenttypes.contenttype",
    "pk": 23,
    "fields": {
        "app_label": "carts",
        "model": "cartitem"
    }
},
{
    "model": "contenttypes.contenttype",
    "pk": 24,
    "fields": {
        "app_label": "chat",
        "model": "chatroom"
    }
},
{
    "model": "contenttypes.contenttype",
    "pk": 25,
    "fields": {
        "app_label": "chat",
        "model": "message"
    }
},
{
    "model": "contenttypes.contenttype",
    "pk": 26,
    "fields": {
        "app_label": "chat",
        "model": "notification"
    }
},
{
    "model": "contenttypes.contenttype",
    "pk": 27,
    "fields": {
        "app_label": "taggit",
        "model": "tag"
    }
},
{
    "model": "contenttypes.contenttype",
    "pk": 28,
    "fields": {
        "app_label": "taggit",
        "model": "taggeditem"
    }
},
{
    "model": "contenttypes.contenttype",
    "pk": 29,
    "fields": {
        "app_label": "admin",
        "model": "logentry"
    }
},
{
    "model": "contenttypes.contenttype",
    "pk": 30,
    "fields": {
        "app_label": "auth",
        "model": "permission"
    }
},
{
    "model": "contenttypes.contenttype",
    "pk": 31,
    "fields": {
        "app_label": "auth",
        "model": "group"
    }
},
{
    "model": "contenttypes.contenttype",
    "pk": 32,
    "fields": {
        "app_label": "contenttypes",
        "model": "contenttype"
    }
},
{
    "model": "contenttypes.contenttype",
    "pk": 33,
    "fields": {
        "app_label": "sessions",
        "model": "session"
    }
},
{
    "model": "contenttypes.contenttype",
    "pk": 34,
    "fields": {
        "app_label": "sites",
        "model": "site"
    }
},
{
    "model": "contenttypes.contenttype",
    "pk": 35,
    "fields": {
        "app_label": "account",
        "model": "emailaddress"
    }
},
{
    "model": "contenttypes.contenttype",
    "pk": 36,
    "fields": {
        "app_label": "account",
        "model": "emailconfirmation"
    }
},
{
    "model": "contenttypes.contenttype",
    "pk": 37,
    "fields": {
        "app_label": "socialaccount",
        "model": "socialaccount"
    }
},
{
    "model": "contenttypes.contenttype",
    "pk": 38,
    "fields": {
        "app_label": "socialaccount",
        "model": "socialapp"
    }
},
{
    "model": "contenttypes.contenttype",
    "pk": 39,
    "fields": {
        "app_label": "socialaccount",
        "model": "socialtoken"
    }
},
{
    "model": "sessions.session",
    "pk": "052pjez9r3o51ymxeiza48lqo85ej4sb",
    "fields": {
        "session_data": ".eJxVjMEOwiAQRP-FsyELAgWP3v0GsrCLVA1NSnsy_rtt0oMe5jLvzbxFxHWpce08x5HERaggTr9lwvzkthN6YLtPMk9tmcckd0UetMvbRPy6Hu7fQcVet3XWw5mArVOgODE5MxBr3ELgIDORVt4wQcESAmiLxYAyxlofiiUvPl8glDhh:1q9mPj:M2XKAqTwn1eoCukik03dy6zlcZ8xIQgTeb72aDysDlE",
        "expire_date": "2023-06-29T21:49:23.048"
    }
},
{
    "model": "sessions.session",
    "pk": "0hbb6pc64rspfbrys4thpn593d6d1hgy",
    "fields": {
        "session_data": ".eJxVjEsOAiEQBe_C2hB-Irh07xlI03TLqIFkmFkZ766TzEK3r6reSyRYl5rWQXOaijgLrcXhd8yAD2obKXdoty6xt2WestwUudMhr73Q87K7fwcVRv3WLpyMtcCUTSAkdoWdJ51BRUJl2KJnQgZXbFQxGssYjlwMGcjs2Iv3BzVJOYw:1q9hqQ:ILVEXY9LiLykVYMTxYMtrK5DoIscayKIm7Y9vjpeU48",
        "expire_date": "2023-06-29T16:56:38.343"
    }
},
{
    "model": "sessions.session",
    "pk": "0y2ru2c0peovcq8wbcfl49rsekhmmjv4",
    "fields": {
        "session_data": ".eJxVjEEOwiAQRe_C2hAGYVpcuu8ZCAODVA0kpV0Z765NutDtf-_9l_BhW4vfOi9-TuIiQInT70ghPrjuJN1DvTUZW12XmeSuyIN2ObXEz-vh_h2U0Mu3VmM2QGyDQbQjWEqEjjIjGsicrR5Qgz6r5DhlNAocBATNNpuBomLx_gD8JTfS:1q9hq0:6uldoBaac1JDKv6JJHm30fBEJaRaZT8WVmjVwgginXQ",
        "expire_date": "2023-06-29T16:56:12.457"
    }
},
{
    "model": "sessions.session",
    "pk": "2w8mkhuesin6hsyz7fixj48pro4w808f",
    "fields": {
        "session_data": ".eJxVjEEOwiAQRe_C2hAGYVpcuu8ZCAODVA0kpV0Z765NutDtf-_9l_BhW4vfOi9-TuIiQInT70ghPrjuJN1DvTUZW12XmeSuyIN2ObXEz-vh_h2U0Mu3VmM2QGyDQbQjWEqEjjIjGsicrR5Qgz6r5DhlNAocBATNNpuBomLx_gD8JTfS:1q9hpy:fO2BX1H_EiV20l2i5I-BYf8nZI6vqhKy0FKaLj9nbU8",
        "expire_date": "2023-06-29T16:56:10.934"
    }
},
{
    "model": "sessions.session",
    "pk": "3l6bbxsgb241ggnwcd33o2e66w4q0inq",
    "fields": {
        "session_data": ".eJxVjEEOwiAQRe_C2hAGYVpcuu8ZCAODVA0kpV0Z765NutDtf-_9l_BhW4vfOi9-TuIiQInT70ghPrjuJN1DvTUZW12XmeSuyIN2ObXEz-vh_h2U0Mu3VmM2QGyDQbQjWEqEjjIjGsicrR5Qgz6r5DhlNAocBATNNpuBomLx_gD8JTfS:1q9hpy:fO2BX1H_EiV20l2i5I-BYf8nZI6vqhKy0FKaLj9nbU8",
        "expire_date": "2023-06-29T16:56:10.175"
    }
},
{
    "model": "sessions.session",
    "pk": "5c3g0ypkrhe86usnxo6nofehrbklkeqv",
    "fields": {
        "session_data": ".eJxVjMsOwiAQRf-FtSFAh8e4dO83EJhBqRqalHZl_HfbpAvd3nPOfYuY1qXGtZc5jizOQjtx-h1zomdpO-FHavdJ0tSWecxyV-RBu7xOXF6Xw_07qKnXrUbrLd8KaT0Ypwdkwx4AA2HxiJAUKgRQORgX_MaCJZ-JnQsqFQVefL7eSTbf:1q9mcB:4kUuyrIgxuApZ4Z4T0YlYBmaNYVnXLh-2gwqBbBlhu0",
        "expire_date": "2023-06-29T22:02:15.468"
    }
},
{
    "model": "sessions.session",
    "pk": "77xm8n1d5a4pp8krx0lzjoyqahpo9bwf",
    "fields": {
        "session_data": ".eJxVjMsOwiAQAP-FsyEspWzx6L3fQHZ5SNVAUtqT8d9Nkx70OjOZt_C0b8XvPa1-ieIqUFx-GVN4pnqI-KB6bzK0uq0LyyORp-1ybjG9bmf7NyjUy7HVCIDWsDUTTGzJqYw5kQMwY9YmDQhIY9BaD8opk21kYJV4BFTKRvH5ArGONqc:1q9mMS:eyG8Q7gzWSDLcE-9R8VbcuRkbjWpvSIKtBkr2ayhOfs",
        "expire_date": "2023-06-29T21:46:00.330"
    }
},
{
    "model": "sessions.session",
    "pk": "8zspvz4l2p9j6hjx8igkcxp1sbbmlh2n",
    "fields": {
        "session_data": ".eJxVjEEOwiAQRe_C2hAGYVpcuu8ZCAODVA0kpV0Z765NutDtf-_9l_BhW4vfOi9-TuIiQInT70ghPrjuJN1DvTUZW12XmeSuyIN2ObXEz-vh_h2U0Mu3VmM2QGyDQbQjWEqEjjIjGsicrR5Qgz6r5DhlNAocBATNNpuBomLx_gD8JTfS:1q9hq0:6uldoBaac1JDKv6JJHm30fBEJaRaZT8WVmjVwgginXQ",
        "expire_date": "2023-06-29T16:56:12.057"
    }
},
{
    "model": "sessions.session",
    "pk": "9b6gw4atg6f1l0p1ayo66g6ahddalble",
    "fields": {
        "session_data": ".eJxVjEEOwiAQRe_C2hBAKODSfc9AZpipVA0kpV0Z765NutDtf-_9l0iwrSVtnZc0k7gII06_G0J-cN0B3aHemsytrsuMclfkQbscG_Hzerh_BwV6-dbRWEVKq5hDcJPxDsAGE5H1RD7aHAGQzqQYjNfZaj-gG9gaRqUJPIr3B9P_N_Q:1q9gmS:YzDxv8Ah3b3mSco0NESR-G1YCIyGmbrvZDtJIYagTKk",
        "expire_date": "2023-06-29T15:48:28.160"
    }
},
{
    "model": "sessions.session",
    "pk": "9dpsp44losy6r6ysqhn138cu3at05og1",
    "fields": {
        "session_data": ".eJxVjEEOwiAQRe_C2pCBKQou3fcMzRRmpGogKe3KeHfbpAvdvvf-f6uB1iUPa-N5mJK6qrM6_bKR4pPLLtKDyr3qWMsyT6PeE33Ypvua-HU72r-DTC1vaxDwCIEjWOnACXlnLVM0jJZBRmckAKAXuxEMaKKE7uKZ2KNzSOrzBdT8N2g:1q9mFb:bphwp0Mc4lS8u3hmF-bv4JfBkNzl2P9q5Kxhl9rt85Q",
        "expire_date": "2023-06-29T21:38:55.754"
    }
},
{
    "model": "sessions.session",
    "pk": "cvqjlxs28d1m1szz5g6t9jgg2dvndjip",
    "fields": {
        "session_data": ".eJxVjEEOwiAQRe_C2hAGYVpcuu8ZCAODVA0kpV0Z765NutDtf-_9l_BhW4vfOi9-TuIiQInT70ghPrjuJN1DvTUZW12XmeSuyIN2ObXEz-vh_h2U0Mu3VmM2QGyDQbQjWEqEjjIjGsicrR5Qgz6r5DhlNAocBATNNpuBomLx_gD8JTfS:1q9hpz:ga4uXztgB4lNb77qrU0yYJG_gI3UdLD_vksqm2ZWMFg",
        "expire_date": "2023-06-29T16:56:11.740"
    }
},
{
    "model": "sessions.session",
    "pk": "hq8dzmsrsr8ditvqsf0kafc740ec5nxg",
    "fields": {
        "session_data": ".eJxVjEEOwiAQRe_C2hAGYVpcuu8ZCAODVA0kpV0Z765NutDtf-_9l_BhW4vfOi9-TuIiQInT70ghPrjuJN1DvTUZW12XmeSuyIN2ObXEz-vh_h2U0Mu3VmM2QGyDQbQjWEqEjjIjGsicrR5Qgz6r5DhlNAocBATNNpuBomLx_gD8JTfS:1q9hq0:6uldoBaac1JDKv6JJHm30fBEJaRaZT8WVmjVwgginXQ",
        "expire_date": "2023-06-29T16:56:12.051"
    }
},
{
    "model": "sessions.session",
    "pk": "jqwecblb0gsg2j0i72x7cqij2wmk0mey",
    "fields": {
        "session_data": ".eJxVjEEOwiAQRe_C2hAGYVpcuu8ZCAODVA0kpV0Z765NutDtf-_9l_BhW4vfOi9-TuIiQInT70ghPrjuJN1DvTUZW12XmeSuyIN2ObXEz-vh_h2U0Mu3VmM2QGyDQbQjWEqEjjIjGsicrR5Qgz6r5DhlNAocBATNNpuBomLx_gD8JTfS:1q9hpy:fO2BX1H_EiV20l2i5I-BYf8nZI6vqhKy0FKaLj9nbU8",
        "expire_date": "2023-06-29T16:56:10.927"
    }
},
{
    "model": "sessions.session",
    "pk": "k6bnrsyqp2u0jyq23vjc8s3ao7sqwyf7",
    "fields": {
        "session_data": ".eJxVjEEOwiAQRe_C2hAGmNK6dO8ZyHQYpGpoUtqV8e7apAvd_vfef6lI21ri1mSJU1JnBahOv-NI_JC6k3Sneps1z3VdplHvij5o09c5yfNyuH8HhVr51p5QHCdicCAibMmDkZA4O-c5597mAGTYZbTG9EP2phs6BApoA6JT7w8rwzf1:1q9m9a:1qDpBrJZiWUOzZHS4RDKB6gVMcu3YW_k28ZiLmw-rV8",
        "expire_date": "2023-06-29T21:32:42.857"
    }
},
{
    "model": "sessions.session",
    "pk": "m2e63uqnq8s0rfilwi2zn5m68ftjz3so",
    "fields": {
        "session_data": ".eJxVjMsOwiAQRf-FtSG0UIa6dO83kBlmkKqBpI-V8d-1SRe6veec-1IRt7XEbZE5TqzOyqnT70aYHlJ3wHest6ZTq-s8kd4VfdBFXxvL83K4fwcFl_KtjbgeDVqg0VEHnc9AEAIAZ-c99cn47IxHY80Q0ugHEGIOWSyzlY7U-wPPwTfZ:1q9mQx:ymQcmIAzxqkFf0mP6NBVMixOvdzUlHHfnadhsdatJuc",
        "expire_date": "2023-06-29T21:50:39.896"
    }
},
{
    "model": "sessions.session",
    "pk": "ma5cv0hd4quyk168qgs88s89zc4iwsv9",
    "fields": {
        "session_data": ".eJxVjEEOwiAQRe_C2pCBKQou3fcMzRRmpGogKe3KeHfbpAvdvvf-f6uB1iUPa-N5mJK6qrM6_bKR4pPLLtKDyr3qWMsyT6PeE33Ypvua-HU72r-DTC1vaxDwCIEjWOnACXlnLVM0jJZBRmckAKAXuxEMaKKE7uKZ2KNzSOrzBdT8N2g:1q9hli:mC3mSy7VDHBnQkaJrk-_-9v6usRaGuwQWRzQAumUur4",
        "expire_date": "2023-06-29T16:51:46.024"
    }
},
{
    "model": "sessions.session",
    "pk": "mrd85wfn18mtvboxweb9ruitrrm8nqht",
    "fields": {
        "session_data": ".eJxVjEEOwiAQRe_C2hAGYVpcuu8ZCAODVA0kpV0Z765NutDtf-_9l_BhW4vfOi9-TuIiQInT70ghPrjuJN1DvTUZW12XmeSuyIN2ObXEz-vh_h2U0Mu3VmM2QGyDQbQjWEqEjjIjGsicrR5Qgz6r5DhlNAocBATNNpuBomLx_gD8JTfS:1q9hpz:ga4uXztgB4lNb77qrU0yYJG_gI3UdLD_vksqm2ZWMFg",
        "expire_date": "2023-06-29T16:56:11.277"
    }
},
{
    "model": "sessions.session",
    "pk": "nrgp9dwav545l07xz4hoamegncwal84m",
    "fields": {
        "session_data": ".eJxVjEEOwiAQRe_C2hAGYVpcuu8ZCAODVA0kpV0Z765NutDtf-_9l_BhW4vfOi9-TuIiQInT70ghPrjuJN1DvTUZW12XmeSuyIN2ObXEz-vh_h2U0Mu3VmM2QGyDQbQjWEqEjjIjGsicrR5Qgz6r5DhlNAocBATNNpuBomLx_gD8JTfS:1q9hpz:ga4uXztgB4lNb77qrU0yYJG_gI3UdLD_vksqm2ZWMFg",
        "expire_date": "2023-06-29T16:56:11.269"
    }
},
{
    "model": "sessions.session",
    "pk": "o6yo8i1db0nsg6jp996fvt6y0k8s3sej",
    "fields": {
        "session_data": ".eJxVjEEOwiAQRe_C2hAGYVpcuu8ZCAODVA0kpV0Z765NutDtf-_9l_BhW4vfOi9-TuIiQInT70ghPrjuJN1DvTUZW12XmeSuyIN2ObXEz-vh_h2U0Mu3VmM2QGyDQbQjWEqEjjIjGsicrR5Qgz6r5DhlNAocBATNNpuBomLx_gD8JTfS:1q9hpz:ga4uXztgB4lNb77qrU0yYJG_gI3UdLD_vksqm2ZWMFg",
        "expire_date": "2023-06-29T16:56:11.750"
    }
},
{
    "model": "sessions.session",
    "pk": "r1cxkgsgk4t213is3x78l85f8yzfadlq",
    "fields": {
        "session_data": ".eJxVzE0LwjAMgOH_kvMYXTvr9KZnBY-CyEjT7ENnW9buovjf3cSLt5D3SV4QPfU4IJGfXKpjwsSwvbwgjJ44RtjC4NveQQaRfJgbzCNOqasDjvhYALwzUOGwq6g9P09DgGsG9ZdMkce6t7MpFPwtDdKd3VLsDV3rc_Iujb3JF5L_asyP3vKw_9m_Bx3Gbr5eSVmsS61tU1RcalSFZKZVtdGlKq1B2UhpKhJCCrlmgwqVVsI0QijkBg28P-lEVSI:1q9htL:H3BNv1dGtYyncGrWb64qDEmGa1bkbOwc7BU14wumirs",
        "expire_date": "2023-06-29T16:59:39.922"
    }
},
{
    "model": "sessions.session",
    "pk": "rw5ea9pr1msoulg6uk5sjrilqq6eoyg3",
    "fields": {
        "session_data": ".eJxVjEEOwiAQRe_C2hAGYVpcuu8ZCAODVA0kpV0Z765NutDtf-_9l_BhW4vfOi9-TuIiQInT70ghPrjuJN1DvTUZW12XmeSuyIN2ObXEz-vh_h2U0Mu3VmM2QGyDQbQjWEqEjjIjGsicrR5Qgz6r5DhlNAocBATNNpuBomLx_gD8JTfS:1q9hpy:fO2BX1H_EiV20l2i5I-BYf8nZI6vqhKy0FKaLj9nbU8",
        "expire_date": "2023-06-29T16:56:10.911"
    }
},
{
    "model": "sessions.session",
    "pk": "t1grhpqp248fm80ufc04vcu5loaut6t2",
    "fields": {
        "session_data": ".eJxVjEEOwiAQRe_C2hAGYVpcuu8ZCAODVA0kpV0Z765NutDtf-_9l_BhW4vfOi9-TuIiQInT70ghPrjuJN1DvTUZW12XmeSuyIN2ObXEz-vh_h2U0Mu3VmM2QGyDQbQjWEqEjjIjGsicrR5Qgz6r5DhlNAocBATNNpuBomLx_gD8JTfS:1q9hpy:fO2BX1H_EiV20l2i5I-BYf8nZI6vqhKy0FKaLj9nbU8",
        "expire_date": "2023-06-29T16:56:10.920"
    }
},
{
    "model": "sessions.session",
    "pk": "v2h1x82wvu3f0e3aczkrrwy9i39t9brt",
    "fields": {
        "session_data": ".eJxVjEEOwiAQRe_C2hAGYVpcuu8ZCAODVA0kpV0Z765NutDtf-_9l_BhW4vfOi9-TuIiQInT70ghPrjuJN1DvTUZW12XmeSuyIN2ObXEz-vh_h2U0Mu3VmM2QGyDQbQjWEqEjjIjGsicrR5Qgz6r5DhlNAocBATNNpuBomLx_gD8JTfS:1q9hpz:ga4uXztgB4lNb77qrU0yYJG_gI3UdLD_vksqm2ZWMFg",
        "expire_date": "2023-06-29T16:56:11.754"
    }
},
{
    "model": "sessions.session",
    "pk": "vbsyk66nitxh8ctv7pcr1v0onplc195d",
    "fields": {
        "session_data": ".eJxVjMsOgjAQRf-la9O0U6YVl-75hmYeRVADCYWV8d-VhIVu7znnvkymbR3yVsuSRzUX48GcfkcmeZRpJ3qn6TZbmad1Gdnuij1otd2s5Xk93L-DgerwrQk4cRs0BoHeKZ6d40bEUV8ShhCKoAdWxbYgxEaQKUFSaAhan6I37w8TPjft:1q9hqf:uY8yWRaCU5KFZ8GGelJtyoXzLKRfL-dXUplhN9BPn6A",
        "expire_date": "2023-06-29T16:56:53.963"
    }
},
{
    "model": "sessions.session",
    "pk": "wfwkk79qdna6unnqxf006t3my64ymqx9",
    "fields": {
        "session_data": ".eJxVjEEOwiAQRe_C2hAGYVpcuu8ZCAODVA0kpV0Z765NutDtf-_9l_BhW4vfOi9-TuIiQInT70ghPrjuJN1DvTUZW12XmeSuyIN2ObXEz-vh_h2U0Mu3VmM2QGyDQbQjWEqEjjIjGsicrR5Qgz6r5DhlNAocBATNNpuBomLx_gD8JTfS:1q9hpy:fO2BX1H_EiV20l2i5I-BYf8nZI6vqhKy0FKaLj9nbU8",
        "expire_date": "2023-06-29T16:56:10.168"
    }
},
{
    "model": "sessions.session",
    "pk": "zlq8b1pq96ws63f6b8ylfig7shhqa3vn",
    "fields": {
        "session_data": ".eJxVjEEOwiAQRe_C2hAGYVpcuu8ZCAODVA0kpV0Z765NutDtf-_9l_BhW4vfOi9-TuIiQInT70ghPrjuJN1DvTUZW12XmeSuyIN2ObXEz-vh_h2U0Mu3VmM2QGyDQbQjWEqEjjIjGsicrR5Qgz6r5DhlNAocBATNNpuBomLx_gD8JTfS:1q9hq0:6uldoBaac1JDKv6JJHm30fBEJaRaZT8WVmjVwgginXQ",
        "expire_date": "2023-06-29T16:56:12.450"
    }
},
{
    "model": "sites.site",
    "pk": 1,
    "fields": {
        "domain": "example.com",
        "name": "example.com"
    }
}
]
